15d81f35-a38d-45ac-9808-798aac189628,Lars
adf8f8ed-0d69-453f-b31c-3eda777b9ba7,Anders
a6c586e9-2d7c-43eb-acb9-73e49b46fc58,Johan
96515b58-4924-4837-8b0f-0b59066d94c9,Peter
7fc61343-d40c-49e3-9e1d-97ba99a1dd6e,Jan
907b2222-0f70-43cd-85d7-a41a19f40fa1,Daniel
d8949133-0a9f-4758-96cd-3f857956490a,Mikael
c11b3854-f1ff-4c4b-aa85-06b90dfb26fd,Erik
5aaf417d-cd94-4d79-800d-d2b70f2d1dc7,Per
665febef-48e9-4bc3-8d7d-90aa31154eae,Fredrik
86017a30-5aa6-4666-9804-1471bf7a1425,Hans
2efc834b-3a08-4654-a5c8-4001cb8b3734,Andreas
7c897724-6159-46d2-b9ce-7e5e3fefdee8,Stefan
01576a9a-9cf5-4b0b-80fc-add7d3c7eb98,Magnus
c4ee99a1-c663-4f9e-b16b-b0432e6de3a7,Mats
e07d71ac-fff6-46a3-b3ec-ff01c385f680,Jonas
6b0c4df6-761b-46fc-82e3-a02b7cb4e995,Bengt
6eb23039-4f66-4c8e-87ad-edeb198492c1,Alexander
ed969ec8-e474-415c-a13a-6c75c0dfee30,Martin
93e1a2c1-6e0d-4bf2-a39f-76054a6cdd82,Thomas
ca20995f-063d-44ff-9771-d7d18448538b,Bo
7cf69417-18be-444e-a1a0-bf1031381f12,Karl
cea803a3-2b32-4027-9355-184280f0909c,Nils
b0bf918a-425b-4ab6-95a3-af8b76c011f8,Björn
e82e2c52-ac02-42ee-9a98-dc7c8aa670f9,Leif
122b430e-f614-4d9f-b4b4-d4d394fcd14a,David
446c696c-677d-450e-90f1-76583a30931b,Emil
ee5e9f63-1935-48eb-ae75-66e0ccb39a35,Ulf
7cb51b32-f2af-489e-b1ea-a50f68730114,Sven
c955148f-10fd-4c59-b916-f5abd3dbbf1a,Simon
80225170-9b9e-45fb-a46d-f056016206ad,Henrik
865dd404-1b74-4096-8547-db5914785f5d,Mattias
f7f800cc-8e8d-44ab-96c1-f260e0334a94,Marcus
10beb527-a9b7-4d0d-a5af-64bf5c07facf,Anton
eb00b03d-2462-41db-bc29-c5c04c4d1f44,Patrik
066821e8-e163-4163-8985-4c84e6ee76bb,Robert
b462673e-5c95-4fae-b1e5-57f072f15fc3,William
ff39ff01-23be-410e-89b4-2ac31a65304f,Kjell
167909c4-5f5a-46c9-82a7-2bb4313681ef,Joakim
80e370d6-6a1c-4bd3-b37c-8560b6d1aa2b,Håkan
01cac04c-8b2b-4f18-b388-e09b21c5f579,Tommy
bb430687-c4fb-400f-91ff-a4aea436debf,Göran
142afe5c-fcec-40be-b336-e04480700511,Christer
a7e4a634-a342-4c2d-8741-0e859bf7dff2,Adam
13a29827-3685-4d6e-b4d8-e0e2f41b6846,Carl
e6bd630a-ce29-48cf-9308-3b49171df888,Rolf
982f1071-12e3-43e2-8391-1a84783f1d74,Lennart
93cc8cad-0421-4ebb-a148-a8c85eea1aa0,Robin
cd9a2fca-e5e5-4834-b275-71279edd478a,Niklas
36eadee9-8507-453f-801b-be96bedd8a87,Oscar
a848a5ae-f8b1-4433-b9ec-7b5c9981cec1,Sebastian
f1687865-b4e2-485b-9c71-1f098605e7b7,Elias
ebeafb62-e55a-4ed2-959c-349cd28fcac9,Tobias
6e523cfd-d1e0-4b33-8135-c7abb5d54a41,John
f5739abb-652c-47cf-a413-1312fafce621,Tomas
b3fc0e1e-8871-4c29-ae3c-280c0e7c7354,Gustav
60fed26e-6ca7-4c54-a844-c6b560416fe7,Stig
97be6d22-6138-4eb2-9ac1-e867a266b3e6,Michael
8ecb2337-ba18-4f4b-a67c-8bac7a9ab007,Filip
998a12d2-a32f-40d3-afd4-b8b741ee46f0,Axel
ebc2282a-f126-4019-bfda-789367a8091e,Linus
1ca4f79b-bd02-4e19-9305-0d52c8c453be,Christian
fb69b007-075f-4ff0-a61c-ed359d2a7425,Viktor
3d08c5a3-b773-40a6-8f1b-7e6fb9120f42,Hugo
65a891fa-6780-44db-82ae-1b9cb1139db8,Roger
d393c0a0-1e30-4f32-b734-5d9faf40ec2b,Oskar
8df4f1e1-2b24-4018-8bdd-991879631c60,Jonathan
00fcc2e9-8876-48dd-81df-94d61863386b,Jesper
cdcae224-ec7a-458b-aa60-9663c3d9ff42,Oliver
b1db2d48-acbd-4834-90c5-f2c09f44f4f3,Albin
71109839-f3f6-477c-9df0-ba01f2108b4d,Kent
0efd9106-ad34-47ac-8c08-94f25e6ea8fc,Rasmus
5b3f9d29-d7a1-45f9-b5eb-33f0053abffa,Ali
6f9a6f73-0d61-4640-a1e5-6b68c79406ee,Max
374f285e-e8c3-4f0f-b56a-8a047813d3e8,Jörgen
7ba8758c-738c-482a-83e9-7993eeffd722,Joel
c34d9dc2-aac1-4777-8c5d-c78874916ecc,Gunnar
f2e9ed03-564f-4644-8eb3-23e85da0a082,Victor
710ebd46-62a0-44ef-89bc-c3a28e1abd85,Olle
c699fd7e-2815-4c30-bfc5-afc24f8fcf3e,Liam
f55866ff-884e-4dca-b50d-a9fb92790966,Lucas
ba047161-2865-4ad3-8e6b-d091f27eca7a,Leo
19f367e0-56ef-4a37-a30c-f2b161ca4ad9,Jimmy
56e976a7-43f8-40e6-8580-f1a475097a2e,Åke
9e480676-0690-4844-acfd-2b128c3b5254,Pontus
8c31cdc2-eda9-4c15-badc-51d64c878577,Markus
ee42bbc3-3922-4bdb-b9df-59ea2882f031,Mohammad
3325a334-2022-454d-ab49-72cb4f81e6d7,Kenneth
c1d7c97e-5676-411d-b04f-aac8c27f9375,Samuel
a846374d-8680-498b-b65d-d1612aaf2eea,Kevin
33303fef-c72e-4f90-b79b-43a095c75230,Dennis
00335af5-3355-4ccb-a6bd-ac4fffa7ad39,Christoffer
e8e5ed1d-021b-4b4e-9c90-b9d4e2020783,Gabriel
52b6ea28-528d-4db4-9e0b-605a7f28767d,Arvid
d8c32212-7253-4424-9ce6-267df0235862,Felix
b139f194-ae3a-46dd-b810-df09d71b3ce5,Isak
f4967df2-8aae-4db3-aaaf-b4b8f0dfe65f,Philip
4d91f41a-a7ac-46aa-9241-baba94295e3f,Lukas
731da272-56b1-486f-baba-7eda1133f312,Dan
8b562073-2f69-412a-9d75-06fdd08749af,Hampus
dcb2cda6-1284-4ef0-9489-53eff89a217a,Rickard
96fe6325-2b72-4b60-91fe-cb4ee7455851,Torbjörn
e278ec39-9870-4be0-bd23-4ddfbfb1d47a,Ludvig
a2328cdf-3e99-4bf5-a66c-babad82410b1,Olof
cecc6381-1a82-427e-b279-48831a62901b,Jacob
926f97f1-dbe1-4639-9962-84d9fd46dc53,Jens
44a8045b-8082-45f1-842a-50e550c9231a,Benjamin
2b1d1637-f51b-43f4-a1f6-cdd3aac7b84b,Kurt
ce9dcde9-3355-4843-8a6e-0e14141a35b0,Arne
2153d1cd-2257-4bd5-9989-e3a7688c5172,Jakob
7b1bd0f8-2fd8-4169-8c55-1a4e68fffae9,Bertil
da36c75d-f7f5-4329-ad5f-537a0033a404,Johannes
6396fd89-25ab-4275-afad-6759feb62b78,Mohamed
aad5db16-077a-40d1-aa1f-265d8df3caf8,Roland
445dcfe3-f306-4ea7-a035-d2e6225ed231,Adrian
9edde8e2-b69b-4c6f-80ae-05e935b11b51,Noah
40216d8d-432b-4bca-be28-2edee0db4997,Mathias
6f952c95-8de4-4db6-9639-a2e335bc5224,Niclas
c0b795d4-0ed1-4901-9ad0-8a19ba86ee74,Alfred
0499eeaf-df23-47f6-bcdb-490df3b5c80c,Vincent
223d5203-d27b-49ef-b0f9-61dbc147e577,Tony
88c642ca-02d8-49d9-adac-92de79f651e1,Ahmad
4247f5c1-b574-48dd-a549-cabf468354e3,Ola
875f9ea2-af8b-4a9b-9ecc-cafe8a03827f,Charlie
6118f708-9c43-4381-8a93-3d7c250aa1f8,Eric
5cb285d0-d237-47ad-b35a-0961692b0e2c,Claes
2e33925f-ee91-4d1a-b79b-91a944b2e5e3,Edvin
32d3bfb4-aa70-4303-b381-af5b84f8032c,Richard
5c61b83d-83be-48b0-9757-38454fe79823,Sten
9409a458-2c4e-4aca-82ad-6efa0713afe1,Ahmed
78fd6175-0c73-421d-8660-08e2a9449679,Mohammed
64acf7c8-d920-4c70-a3f1-1c431ff81cdf,Alf
071aa37f-74c1-4f4b-a377-68fdaceef6ed,Tim
2ee0f017-fa99-40ff-91ef-4a4ce1c49a7c,Theo
ce55479c-626d-4fda-81c0-194c1b90e417,Kim
2e4485fa-4dc8-4b21-9d65-befbe8b6491d,Conny
c672d9d3-71c0-4b58-abe6-9242a4471d8d,Elliot
4424c45f-387f-43a4-8711-a33f9aba4dcc,Bernt
9cf7e5c7-bc4c-4cac-b610-85d22fe50a1f,Ove
97e306e6-3a2d-41c4-97c2-d24a5cf61b57,Pär
edd5c707-e838-499b-8d39-5ec83c2b81cf,Ingemar
5d3a334b-81d4-40c4-a003-6f7705cbe8f5,Mohamad
69386dcc-a0a0-4804-852f-aff1264001e8,Nicklas
32daf347-1632-428f-845e-53f8ee9f0ea2,Kristoffer
0f43f7af-aa4d-43ce-a84e-670544d92464,Leon
82443051-3b45-4ba8-b2d7-d0a72958a1d7,Melvin
2388c6ef-d5e4-4e50-829e-5d818aa65c1f,Harry
b5366ef9-b8e6-48d0-abc6-0b24311722b5,Staffan
f7ad8a1f-9f0b-4acc-b6b9-1e8183054bd3,Johnny
6d0b736f-106f-4e33-8316-3d8a8ecd6deb,Krister
665a73d8-09db-4e4a-b1f4-f16729d7eb37,Gustaf
188984c0-3092-481e-820f-441f6e8346d2,Melker
6b9cf144-8b7f-402e-a210-ef1ce5cad54b,Viggo
f06f7831-d92f-4dd4-a4cd-c35284a98fc2,Rune
9a89f50f-ade6-4871-b5d2-b2b5173e5ac7,Börje
d6709830-1af2-4623-ab23-283ebc7ad0c9,Ronny
9e69e9f8-9653-4082-a6dd-f113e20eb254,André
1f54d7b8-8918-4477-8e10-700451e8e0ca,Malte
4fe64131-25e5-41f4-b244-8ff7ccd61de4,Jack
2e7319b1-0051-42d6-ad3c-0b8f214da26e,Alex
4620a014-df53-4ca1-b8d7-1bf21bc15133,Benny
12b08807-c640-4bda-9b20-ea8b5be2a392,Sören
76287915-d9f6-409a-8a85-5446d650f020,Omar
c320954e-e501-47b9-a324-ac0ca5413ed3,Sixten
49297453-5568-4ad6-af46-4ec90a8f9ebb,Ibrahim
a384c687-995d-4668-8c43-853bc1ea4095,Paul
50262407-d5b5-471a-b74d-bb18cae6430a,Tom
6fada833-03cf-4276-aa0b-427ed69d7a27,Frank
3c9fdccf-b618-4a81-bbfe-ac6e4809c149,Noel
972c7fdb-0d7c-4c3e-a12e-721120e769b9,Jonny
ff6b153e-9e56-48bf-9073-1babb986f1b2,Kristian
daa5aefa-b9c7-457d-b58e-216a25d28092,Klas
3ac5ca5f-58bf-4a02-8234-7c37da50f42a,Sam
a121eb72-59db-4766-8934-51928d1911ac,Theodor
5252543a-e8e1-4b7c-9a34-a0e99f478b9e,Casper
0e036343-5134-4772-8f83-dade06c9b691,Henry
ce8e1cb7-8712-4f7a-a376-414b59e5a1ca,August
c363376b-91a3-47f6-95b7-275a6ea9e249,Morgan
656b7d3b-7433-45ee-9a78-34a0a1a263e1,Alvin
179be126-d73d-4e4c-bef2-a563327094a3,Christopher
2385d877-3c48-4896-b366-0c6d3332c06f,Hannes
af787b0f-7534-4ab5-a13e-919f83a3e9c0,Josef
c9332725-cec8-458d-9772-f64227d25244,Jonatan
a9835cae-f51e-4625-9dc1-bc5fa65d5f6b,Petter
41a96b79-5062-496a-8d0f-b717dd1c4ff5,Urban
016f3996-62db-4dc4-ae04-a081093a67e4,Ludwig
1503cb71-f9ba-4694-8d42-a80ebef9cbae,Jan
07d1085e-b15e-4c39-846b-30bc8e3d664d,Erik
85149f7f-74c9-4417-bb4d-2fe64c81291c,Ingvar
0259cbe0-876b-42d9-b63f-427a3f8bae5b,Love
85f389ef-27b2-4e8c-bc07-2662259b2806,Gert
5a61c70b-0863-4225-aa27-2e341f4919c1,Rikard
0ec86d57-e0ba-492a-af9e-28a2fb7c4764,Tore
3f722846-5612-4dd4-ad2f-d94d9626bb77,Pierre
fd7cb966-e7f0-4bc9-89ff-70d66fc9dbfd,Svante
1cb40518-13b8-45a5-a094-32dff1d666da,Tage
de287f37-38df-4e17-8df3-7c9275457014,Lars
1c1d8bc6-e2d5-473e-99a1-d043e670a1c4,Erik
1859621a-587a-419c-a7c6-24c7df4d89d1,Tord
1fd09586-2ee0-4d8b-9d72-077603e93475,Mustafa
5fb925d0-bd2a-41a8-8b88-add745855e9c,Amir
62fb5fa6-780f-4b62-857f-60152b08e7ab,Måns
6fcd6c1e-e2ce-48bf-9fbc-b3f82154b1e7,Otto
a0c9e6d0-c599-42d8-a607-a7277c42f62c,Fabian
75746824-bc51-41b4-9ed7-a2ca7c85bc61,Sune
efd0ea75-2ad7-4734-b2b5-c2dbf5eb93f6,Gösta
0f13435b-590e-445a-b6ff-b3f1af557be1,Knut
309c132c-2c87-498f-b23a-c9913f3357b6,Hassan
f4218ec2-f140-4126-8dda-575b448665e7,Patrick
5306c023-db52-4dfe-86c3-220253a0a38a,Bror
b58d8a33-a556-45ca-b576-b12180776028,Ivan
a57c6a3d-3319-4fe0-9025-4ec72979e548,Ebbe
eab2647c-b756-4e3a-8416-cd3e3969bed6,Isac
336a21e5-35f9-4934-a263-b9ecea1f62d1,Vidar
87ce8bc0-c42d-4911-9276-7153ade5eb49,Ivar
d3216516-64f1-4989-bf0e-31fc0cb5b262,Sture
50f15c6e-d3c8-425d-9ec9-a02cbb07958d,Jim
04759a08-7561-4421-b8c2-ff432bdc87b4,Eddie
0e3e5d58-4f5a-418b-a805-bf1c95d1dd00,Valter
1fa6149d-92b2-4038-a680-252fd2bfa0c9,Frans
844a80b0-1827-49f8-8d3d-f05b9cbb8327,Ted
b44106f1-3a92-4cd4-aa85-7869b7f8fe95,Loke
1fdfd473-aff7-4aec-871d-218f619fd856,Wilmer
19ac8971-c56e-4250-be7d-ba0e5726be03,Folke
50ad1255-23db-4985-a04c-42e34111ab53,Milo
45c7bdd5-9e51-4bdf-87f1-c11db5e51ba1,Jerry
d269763a-16e6-49cb-9203-d4f17dbcd049,Milton
5f3a23eb-1450-4dba-b717-9f96ea3b3c2d,Per
c0d16fcf-5c61-40a7-8d3e-68a1ed87de46,Olof
cebb50e2-5299-4a92-847b-1fe259042cdd,Torsten
adba749c-fe62-40d7-bd81-6a4e1be57a08,Wilhelm
938172c6-6657-4679-ae2d-e64f0ad8fab3,Allan
426555e8-51b2-4e90-8c8f-84ec275b3ed4,Mahmoud
49ccf567-adbf-419d-a0f2-218b8d281ac7,Elis
02a38cf0-d129-4c7b-add8-5e68c33f95ba,Muhammad
0982c68e-02ac-42f2-b413-016df782fad7,Sigge
ab2fcd00-1b6e-4307-a37f-890d4486c103,Elton
b48c1509-8903-4701-ab2e-b530fa7377bb,Emanuel
11ffa3a8-efce-47d7-a1dd-ddb9cffea2bb,Lars
b34695a5-e9e7-40e2-97de-313bb00ed89c,Göran
3347d05e-695e-4099-8caa-71902a11e2ef,Neo
82924f04-9c91-4b8d-94e0-8a139d483736,Bert
11781cce-2f87-4434-9e8c-38830a829992,Jon
710aefa1-9e13-4f7e-9d55-ee4c211e7884,Joachim
22eca779-1c52-436d-8308-063648254f71,Hjalmar
61b4319a-f2cc-45b7-82c2-5ecb22cfc28e,Hussein
f06f6744-c679-4a28-9907-bc9f6cdd4c23,Kaj
84b32d38-9a98-4633-8bef-91cac215589d,Walter
35fe0731-3608-4213-b80c-e5cb98160382,Albert
00769a7c-0035-48bc-ae35-b8a246916d1f,Aron
17439754-0835-45b4-9015-05c0dafd920a,Maximilian
4c995326-52b4-4ba7-8506-18b35a0e5a62,Edwin
c5b383de-cdb7-42ca-9213-1da28f73d3fb,Mårten
756c993f-cece-48d6-9ef3-b271f8d76c70,Julian
ce40f2dd-ff8b-4a97-9f14-39e8f39e6f51,Glenn
280d5077-2974-4aa9-98a5-3223565615b3,Dick
b0115d81-c217-446d-a621-22aeadb3cfb6,Ville
6769b098-e963-4377-9d1c-4774a4c24e50,Örjan
48eb7b5e-c61c-4e60-9159-e2f04e522e82,Vilgot
232c167e-be80-4ff9-bc00-5cea1cefacb3,Peder
0917e28e-4756-41ba-8491-855852fe6e66,Julius
4b11a4f1-c526-4745-a5ab-1033a999dd88,Olov
f7d7c2c8-b270-4261-8e35-9705488b4794,Ture
81868cbc-a6b2-4ae0-b159-413aa41717e8,Douglas
29e82690-6e13-47ec-8502-b11bc60a0115,George
b144535e-c1cf-4c1d-b13a-f20db27d095e,Inge
141bc89c-bd3d-4be6-a418-0bb0fe059b58,Kenth
0cd3c7f1-8048-4d4e-a5f1-f45a0e4a07cb,Sami
e2868400-39a2-45b1-bdef-e29372c43a7d,Herman
6ae9cebe-ab80-46ec-8022-4ee8d397aa9a,James
a636dff1-608a-49c7-84d9-7624695647f9,Göte
324c0da7-b8ff-46e3-825d-a1334c377bed,Abdullah
c1a1534f-4ab8-4326-9473-8b744314c6a3,Khaled
82071a56-d295-40d3-8a49-c6a51e2950aa,Kasper
cfffef2e-5e20-4075-9103-65a1e3cf9799,Tor
8d4f7a82-e5b3-4dbf-9c34-528d3616d6ca,Harald
20b0707c-de1f-47ec-9149-8ff50f5a3892,Samir
86ddecd3-00c0-4a7b-98e1-90cb408b6ffb,Kalle
13fa5424-d4e6-4203-862c-74ccb0e094d8,Jan
84b7e7f9-26a1-46b9-9759-00e994a76ae0,Olof
8302ac84-1917-427a-868c-e2d985d563b3,Yngve
8bc92eab-d272-4140-8387-dd2c45c2558d,Abdul
7f66b5ac-d10e-462a-b1ec-c8e87896f3ad,Colin
917fd115-0484-40ce-9476-10bf09cd9cb6,Per
07a3ea37-ddfb-4e23-a880-e69b8a359b2f,Erik
d7d35ed1-58fb-4fd1-9135-9546c80c5f94,Kennet
d7ceece0-3175-49c6-92dd-a2e2250927be,Joacim
03f5aec8-ca06-4984-ae6d-46db6f87e310,Vilmer
660a482f-c983-4de4-ab46-c7b64ff0466a,Ruben
01ea4f3c-7113-49e5-92d9-c681a7461ed5,Patric
ec192dca-7f3b-417b-b63e-735880c6f33b,Sven
92457520-7ee3-459d-a5d0-a4a344b02f6f,Erik
63852008-07be-436e-b4e2-1c7f7ffeb642,Hasan
76fbf44d-71d4-429b-a47c-acfe4b3f3359,Ronnie
bc237973-fd8c-490d-9a35-9d607f154f8c,Dante
341f6ea6-f2ce-400f-9d07-b14a988be205,Edward
af393133-f494-4dc8-b620-3ac3b6268de4,Dag
21a0bee1-7ca4-4734-8098-d2e55fff1663,Lars
08473c61-4f02-42f2-8140-38bd160b253a,Åke
e0dcf543-668e-4d1e-9800-52a18eb38b88,Roy
a5edfe1e-9cac-4995-84cb-954b8b4889c8,Ernst
2f416ddc-c1ff-4438-a768-dfeb97126060,Adnan
a9987f82-0da9-45d2-8821-0b4e6ba84961,Karl
f9463dd9-ef58-4bfa-8536-3a4f7d6cfb13,Erik
89d06426-e154-483c-a350-a8eb5a831389,Einar
e8397232-b9da-4df1-b7a7-64e739440923,Marko
724673be-fd24-4450-90e6-e7bb8b45a531,Micael
09ea1fa4-f56e-4137-86dd-dd0064f49e66,Algot
66f2bda9-a9e2-4c35-9510-1af7a3213a1c,Melwin
3a2babf8-eb5e-440d-8cf7-e39abe531bff,Vilhelm
305b8139-94f8-4c60-95c4-577263ccb7e9,Kristofer
83b5b55a-9b38-455e-a083-6a23bd860e83,Fred
1576f9d1-2783-4ba3-a7c9-4e76e3bd9624,Kenny
f0de20fe-802f-43c8-bb58-ad66bce1044f,Birger
df6f5283-2eca-485d-a962-61b73350e474,Ralf
e160d855-cf41-4ecf-b90c-3a5a1b755fbc,Mio
c43158e5-09ee-4fcb-977f-c1ab419561e8,Said
b0f73fed-9e72-4127-bf6b-40d37f527d12,Hamza
32e9234d-d78a-40ad-8544-18bd5a4c80ff,Curt
005e6156-497e-4c83-8b05-69b78b56b36d,Carl
8fc93072-3168-4a22-91f9-28415b472025,Johan
a0e8dd1b-2bd4-42f3-89de-5f12d7736566,Teodor
efaed143-782d-4c28-955b-f2df2fb20faa,Antonio
eebd814e-a98e-4ef9-a7d1-cbfd5a92a3c6,Elvin
f1964e71-9c4a-45dd-9a50-02304de8bf5f,Alvar
40da184e-48ea-4cb8-83a8-6fe5964b2bd1,Carlos
9bec6a6e-583e-4a78-85f3-60e599c7d18c,Ragnar
3266c8dc-5d16-47ee-b091-2c206034ba10,Lars
351f7185-469e-4802-aca2-9772cf0dc054,Olof
06924eed-ee7e-4dde-a102-1df1eb33d1af,Joseph
8e013eaa-0e26-4ba0-8c86-d3e0b00892a6,Wille
756c44b3-76bb-4da4-a481-7a09dbd8efbf,Billy
17029b88-3e8a-44ad-9266-5f27d503fde7,Yousef
59b5300b-112c-4c6b-88ef-526ccf5bc32a,Pelle
e8f1489a-4357-4d5b-966e-d508076c9804,Nicolas
e652ab33-e8be-45e4-a618-46970d05c7af,Clas
ceab7d4e-7c72-4611-9ba2-638b40b1fafc,Uno
612a4934-05fa-4f16-b9cb-0e4e27e2f14d,Abdirahman
5f61fe6b-9bd2-4c8c-b51b-b41cc662a2a8,Alfons
46d1eb20-fd21-4c6d-99be-7c556384d249,Nicholas
3a40a751-ee02-490f-839d-faeaee5f6e8b,Stellan
9400fe73-8833-4d6a-8431-5923e3c4db18,Eskil
76bab8e7-f8de-4731-a160-48917f90a665,Sonny
83eb146b-71d8-4f61-8f4d-2bfdd044e615,Bruno
a35d854c-d6d5-4b06-ba9f-3f3723b7ba0b,Jari
f534a925-0f5c-47b0-949b-092481034c90,Henning
a43b2912-dbde-4fa2-bdae-80eca47c660e,Holger
d70ae50c-8af2-4e58-b7a9-a931b462c20e,Mark
cc0b4742-6fe7-457b-b0f0-21c8de0cc5cd,Georg
ce433492-453c-4267-98e9-d39747d8a2ae,Ismail
ef5bc4ea-bfd8-47a0-9479-478393547344,Piotr
cda6550b-40c2-439c-add3-2e4c4490c67b,Oliwer
b283ec41-12f0-4be4-93b9-e6fdbbc3f219,Juan
4e8e9051-02d6-446f-a3e0-5741e8257b75,Yusuf
35a0d378-dc15-4664-8392-f0674e2391c2,Charles
97e08a0f-e000-45de-8d1d-45a70de1e161,Levi
d6f6b19e-d7d7-4104-bc73-63352cbe1a91,Milan
d68e9c61-30ce-4685-8bc7-86f8c9effbb9,Henric
2496c730-deca-41de-846c-a1ab39630e06,Kian
da68fca5-c895-4d8d-98e9-2611c8777919,Christofer
85a1680f-e479-4371-aa56-a48e45f22619,Reza
2e65337e-88b9-4add-a22e-0156a308514d,Torgny
f89e21ac-0372-4411-bd32-1697e2aacf88,Mario
80f3686c-84c4-4359-be3a-dab80f1fddb1,Kari
5986d9a4-dd4a-4d94-b59c-517a151f4070,Matti
82a0f36a-20ed-43c6-8d91-68771c67b63e,Emilio
f83d22fb-93e4-4983-840f-e288c39b3ab5,Jan
555bb89b-afab-4475-8e38-8631faf3fe95,Åke
c3660fee-17f0-47f4-8dd0-246e332853f5,Ossian
3cf13331-dedb-4cbf-b059-7ca2b87ef09d,Anas
c5d06ddf-3162-47d4-b250-a386925d2b64,Leonard
5d463dc1-a998-44f2-aa67-180d0121f99d,Mahdi
7e86a8ca-71cf-4e54-a6a8-43b4316823e7,Bill
071b5baa-29cd-443d-abdc-7e9f20ec7564,Vide
9eec5b38-d08c-48df-9084-26b5e4630ece,Evert
10d06dc0-9a64-4ec8-b9b8-1b4e276568f4,Helge
03e7219b-5e28-4e47-86e8-8921156a0b59,Jimmie
c057cd49-3a54-44e0-94f2-312b9854a23b,Fadi
4cfad55b-7716-4380-960b-b042ddf75699,Marco
7b8f490e-d1c9-4480-ae97-6afe853676ec,Ian
866d7ad0-bcd2-466b-a111-a54d0331e654,Matteo
a89bebef-387a-44bd-aa5a-a2e5df2b2e80,Tomasz
d8cb1d18-1dec-47a5-a2ea-55e80a317cf8,Andréas
8f15bdad-3ec6-4181-8a85-ac85ec8c0762,Krzysztof
636fb492-d8a1-49e5-a25b-59a57111052e,Loui
a4035777-c24f-48b3-9eb8-d87ff5a24343,Artur
befe317b-5ee0-4dcb-b60e-f0c3c72c9d5d,Thor
a7d993b2-cc9c-48c4-90c3-982bf49e645e,Alan
abab25dc-8b25-42af-b2dd-f3ac14cd84f1,Lowe
c0672a96-0269-4966-8970-b9d5cd3f2682,Mehmet
e6bc5f47-e3bc-4ac9-a9aa-f8a16f74bafe,Hamid
4099f128-e1d3-4803-b1e3-b560085186e3,Michel
cabf9053-d338-4fdb-a42b-43b08f3d48e9,Fredric
650c9676-a394-41c3-8a4c-37b676e029b2,Abdullahi
6986b582-697c-45d9-a966-c55210586714,Jerker
1feaad1c-9354-4c99-a570-8fd1e80d5aa7,Luis
d5b6460b-c7ad-47aa-a71b-6749645de2ce,Nikola
cea2d003-a2ba-41ed-ac70-6e254e611a32,Rami
7ad7b279-33d2-4762-9242-e7f168ff2289,Khalid
b8041c84-0797-4a32-b60c-9346588993ba,Timmy
afc41a52-7ba0-4f10-9b52-86b8b23770f5,Timo
fab8e261-9bc4-439a-9aed-a41b931a1b19,Abbas
ecb611ef-b346-421f-8f7a-5b603836255d,Alve
c44f5d50-2f54-4b84-883c-3569fd652dd9,Osman
5fe0a0c9-f185-4ed0-b427-29b23ba84d7e,Mika
cad1d1c2-fb7b-4ec0-9edc-2c149d66a197,Noa
a25c401c-4cee-4436-a002-c1809aa3710f,Aleksandar
d4cc6896-c1ec-40e8-83f9-1de41342fc7f,Isaac
51738f8b-4a09-4bce-a285-4c0e1c1c448c,Toni
c92e3cdf-df2b-4440-b5d7-9ccd2d6d348c,Teo
2aa920a5-1a54-4f25-8963-be008cfdf1cb,Per
7e688a07-0a41-4209-bd7b-5e8a68961938,Åke
ee0b48bc-7f1b-410b-a4a7-32636474fc20,Pawel
a88b0702-555f-4c88-a4f2-73b9c63cff8d,Elvis
222ca36c-264d-4dda-a31a-490ce2b047a1,Jamie
fab4f8f5-5740-4978-9815-5c07e4eef0f5,Amin
6af1a591-4fdd-4b38-9c21-dd8c3ca608c6,Bilal
b667957d-24df-4a31-84d2-b3bd0cba8d0f,Anthony
a1318d57-2cb6-4eca-8b15-1a3b10ad3256,Aaron
3dfd432a-f2ec-4b7f-8cc0-05ea871f5667,Valdemar
0827b252-06bd-4b79-bf55-96cbe2867b43,Emir
9a7350ac-9ee0-47db-ae06-480cb901f327,Sven
df157806-685b-437b-8cb8-6326956af60d,Olof
b1ac25d0-ae81-4d51-a171-1d7afe70fafb,Georgios
4af1b59e-f0b4-4d57-8cde-781c0bd9e959,Karim
0c8eb39e-98fb-481e-9da2-cd473bcb1ab0,Youssef
4c1e8001-3822-40a5-b187-f1262e2c43eb,Claes
b37f12cf-dc0d-4fa5-a2f8-06f49745951e,Göran
415bda56-086e-474c-8bc8-7cc240807f6f,Matheo
bc152471-f32d-47a8-b10c-afd56427d835,Marcin
0d84000d-b073-4321-957a-ee0cb3accce9,Goran
cdb589c9-e1d7-4f22-ab0e-a5801d4c9fd6,Lars
6a011a22-40fc-4fa5-b6b8-adfa573be643,Erik
0b121503-ebd5-4a5b-b9a6-55c990be93c6,Andrzej
3b06872b-19cb-44ab-a553-8faa972162b0,Denis
45fb4e8d-a88b-4ad3-8994-f662468d9824,Louie
19cde787-d5c2-4acd-ac89-5772e7580401,Lasse
18b6dfbe-6753-4dbe-ac7e-476dac660747,Jarl
6cc5ebe7-c9a9-49d1-a158-70ff0649ab46,Matts
db1d4b07-47e8-4d62-96b2-b6139a89fdf4,Edvard
10896e32-8271-424e-bd12-101cf8ca411e,Erling
6544c6b9-0041-4982-9627-3d75acea1f86,Tristan
68e49a57-5888-45f0-b178-478af4762a2e,Igor
f963f670-68e8-422b-ba5d-31702f5e834e,Bjarne
9d917156-89dd-4c49-b955-7b059feb5f41,Lars
6df184dd-eff8-4aaf-8b18-83c31e21f1c0,Göran
defe23b9-7829-4165-9e8b-1fec3d5a14e1,Lars
aefbd659-3795-47f8-bb18-0e281ff0b437,Gunnar
6084d8de-932e-4e87-afbf-9cc645623a58,Ari
109675af-5b26-471f-9ee3-9137e13b004c,Elmer
930717ec-8cd9-440f-9fd1-c8aaef7b9844,Mhd
19198071-d370-4d0c-8646-a59245faf899,Dragan
8b770ad4-cc65-42fe-8cc5-08e2fc4766ec,Ammar
8cb08655-9963-4409-8aa8-db92d54f9f9a,Jan
30f001c7-021d-49bd-823f-a3e4801a35ba,Erik
f8b609e1-91e9-48bb-a0d6-43c4f07ccb2a,Erland
8c5d90e2-a6ab-4793-beab-c47d3a6a4429,Calle
c9e42be8-a734-418b-ae3e-6997cb2ceb34,Andrew
664143da-736a-4b97-b51b-e4ff2b40f077,Jamal
d695bb0c-a91b-44ef-bf30-09c43d357090,Boris
2a60b327-ff84-46bd-b0ac-d824dabf04a6,Per
b3f423cc-88e1-4cf6-826e-6856634c18cd,Anders
a2b441ca-b7b3-45b6-b967-d0eb565b20c2,Michal
293482f6-e388-4e74-bf4e-56d7f92f90e5,Van
0fded4f8-03fd-42d2-be85-3ec358657224,Timothy
a985fbad-7325-44eb-9d42-ed0657ebb908,Abdulrahman
f8830057-37b9-44a2-a8c9-fed8dadab7c5,Egon
09ec9218-ae81-4aee-b714-bd74a16e527d,Zakaria
240ebfd5-4e79-4428-8371-6af2ec831cbe,Berndt
adf38fc2-e625-4048-bcb1-592a3750e91b,Marek
d71d8440-4164-449c-bb17-41ec62af9ba4,Kai
aac6b67e-c085-427b-ba7b-c7c3cdf7a01f,Janne
c5af9599-9ef1-4d6c-aabe-5c472d99b183,Jason
47047d33-a418-4c55-8f32-e6b05dcdeea2,Md
999f3f03-06ff-4863-9406-20529aaa1f60,Aston
eeebb3ac-3993-4ebb-9329-27ab96c1383d,Joar
0ce547b5-9b31-4834-ae30-3dcd474fb863,Per
c88ee61f-fd65-4461-8204-189ffedfe6c5,Olov
9aeaaef5-21f9-480c-a06d-23c302361b3d,Samer
7bf8dbf3-4345-477c-92a6-469b04bf03a8,Greger
048086a1-9201-4989-b144-1fa4b40a6a47,Arthur
338c28c4-ef7b-4527-bf30-92482028b063,Rafael
e023853f-e034-4b10-abae-0764ef4aa428,Alaa
96718b76-496d-462c-b71d-80e5e53bc6b9,Juha
62948447-1990-4174-908d-aa2eeebd63f5,Amer
2995dbe5-22a7-4d2e-a2eb-a66653cdc997,Markku
71afaf84-cf92-47cc-ad4f-d34b7eaecf6b,Zoran
91a1e37b-caad-4376-9c7d-b551e9741b51,Abdi
033f4088-66f8-4c56-8629-4902422ba63c,Jean
778dd32d-5c2f-4abe-84de-47876d2081af,Milian
daf19c3b-5a7f-4ee2-929c-999c1723fbc3,Leonardo
904bd781-77de-47c4-999e-a42f6105c81b,Mehdi
f74d53fd-6a1b-4a00-8d22-4ffaa7d971a5,Mostafa
e3534108-df82-4ac2-9852-a9103de0c015,Per
82e5e251-0eeb-4cfb-b3fb-0e0766599a6d,Arne
93dc4f30-ce3e-4ab8-83e5-08b752e9ef7d,Manfred
4eccbe0b-2856-455c-9a70-75884a3f61e2,Jan
dd087798-4267-4502-8148-3522b95ce6e3,Olov
c1d8687b-0631-49cb-9f7f-65b6a1724585,Cristian
ff879093-b345-439e-acc2-b7d33438caae,Theodore
4f82f195-e0a2-4ab2-94a6-36d68b675df7,Karl
2250f18c-a1ab-462d-b0c1-da87df794073,Johan
7c914656-4a74-4c28-aae0-87c7e1985ffb,Abbe
695fd0be-7903-4a95-a349-50a413c6a857,Jose
a19b0be6-b4ea-4b98-b398-ad9b366a62af,Pekka
fb263f63-b98a-400c-b9b6-8e517d2811d7,Sven
cf6d0400-f83f-407e-b087-8af35ad20562,Erik
ada85c59-316d-4ddd-adea-d5c635c56e31,Ulrik
8ba20566-ac9d-43f2-86b3-a5a7581ca0a4,Sven
8f69c1c7-1559-47ef-96df-dbda37d31d34,Åke
7a115244-be9a-4df1-b893-c0898160baa7,Ingmar
5ddf10de-cb66-4dea-8195-db6b656acca4,Reine
77ae2566-d340-445a-b6b0-f70234ed37aa,Seth
356115c7-f8f7-493e-8998-9eef43fb59e9,Yasin
72dce638-6c38-47cb-8edc-37d97aaae598,Hans
df29575d-73e8-4761-858b-9ed2aa820a35,Erik
6a4cc811-2335-4f81-b560-31648cdde0dc,Adel
47f990a4-7bd1-4209-9f9b-1071fbe14d31,Willy
53f01cff-0259-4f43-ad94-8c1e6a5f784f,Rayan
f29c687c-ba01-45bd-b72c-db1c776df5c0,Jorge
5667aec7-b587-48f4-bfac-dd92f6cece98,Vladimir
5e4ef8d2-ab8d-436f-b736-cfecd50f5559,Edin
e4f035c3-7ad8-4fd8-8f11-a33b780d0ce4,Armin
e51d86b4-92fb-408f-8430-087963ce1661,Roberto
3012b19e-2969-4ddf-9306-fb7a21235c7e,Petri
72292fde-7105-4797-8bb3-46862c79de06,Per
b2fcf07b-0ee4-42cc-a1f6-7cd573546086,Ola
d3bc277f-40cb-42dd-abd4-313b98e9a399,Manuel
a663d019-ae73-4402-b9fe-4851c7d0b089,Matthias
4f320f45-e9cd-46bf-a595-883030dc09d5,Caspian
9d963db1-4fcf-4031-8e9f-a37c1ba097b0,Walid
b6880cf7-c358-4f0d-8628-c2ddd9a76bc5,Kjell
d4986163-7f28-4d13-ac72-e3ef74ca5340,Åke
e0e02f60-6a75-4fb3-9d01-6affde51bdf8,Dylan
6efa3650-319b-437c-83ae-f1eb776760b8,Per
ebfe8c5a-438a-4adf-9b90-fbc3997a46e5,Olof
9b7426f1-f42c-46f3-8f8d-0a210f3ff8ed,Agne
442a8247-1b98-4535-83e4-83356fda23f0,Lukasz
778cd6ba-6923-4570-89c4-529410cd984c,Ralph
03ffb507-5583-4502-ae01-cbaef692f5fc,Valentin
890ce975-df48-461f-81ce-9ed68a8fee67,Hasse
4d5d2548-c76c-4593-818e-1da3130873d6,Sigvard
6dcfc517-6504-48b0-b6e5-a77a77fcf03c,Elliott
17c17b5c-84f4-430a-8e96-34b0b32b3096,José
5bcd502c-6a91-4012-894c-2fc10bb7ea24,Grzegorz
23861f35-3b27-4be1-99c4-2eaf57586a15,Hadi
3cdfa87e-b4fe-4275-a8d2-d902033f769e,Stephan
65069bb5-49c4-4f9a-9ab0-a49693116ea8,Konrad
72634282-2a22-498a-ba38-58506f42c288,Hossein
671eec0b-274e-42ee-913e-4c7f30af096c,Marcel
a4c70645-e84e-472b-876f-cbb343e82862,Joshua
61b3dc4f-7a44-4a26-95d4-0fb9442108c9,Miguel
7cdded77-d995-435d-9827-f0e4cbabf0e7,Milad
07e62680-527a-44f9-a42c-09de6a89dc13,Seppo
92cf1576-5d11-48b6-9bf2-360429909f9c,Tommie
aa3e3a3d-ff39-4fea-a8d4-7b36fa262f4f,Nabil
e8416a0b-c293-4096-8110-8e07dd0e0cac,Yahya
a7931763-105f-42f1-80ce-3f25d032482d,Ayman
fffe82c8-1ec5-42c0-a595-ffd8857e58d2,Nils
4529c02d-381e-4d22-89f2-dd3cbac808c4,Erik
46cea4cf-cc00-4b28-a3dc-6c4f6ab73573,Roman
52ca639a-f273-422f-be32-a46d76f60a20,Finn
705e2120-ca3e-40ed-80b2-4541355639ca,Dejan
0b88a2a2-d494-4fb3-ac54-abdad13e2369,Thorbjörn
0cf4223c-d675-4fe7-a68b-5c000074e485,Ahmet
0e814ff2-7079-4b87-9cca-6635ac61e071,Muhammed
e4bde611-bbaa-4081-88f2-906f68600318,Khalil
9128de43-0006-4abd-9bb6-9807f967c5cf,Ronald
322570ff-4b58-482d-9b71-1c2520fbd74c,Mateo
5a799420-11af-4d18-8cb2-023037505588,Jakub
3f073295-0e0c-42ed-8e15-41dd70106fc8,Brian
61b32e24-26f1-408e-a6f0-71690a194557,Didrik
54d956f8-74b3-4e02-883e-70175d700530,Raimo
4793cef5-4f88-4fbc-8363-89755565e915,Aziz
5c98a244-382a-470c-b840-6e743e2029b9,Helmer
9cc3ecc2-b03b-45f7-9aad-7c0d6641943d,Mariusz
a83fb014-1572-410c-b1d7-45c9d76d94cd,Matteus
104c63d7-0f62-48f8-894f-261758f1f38c,Maher
da27b381-c79c-4a51-a7be-95a399a1466a,Mille
843edc83-f1ef-4b7c-8012-322c04d6c1bd,Raymond
b3bafe06-f1f8-4757-921a-e3607f5425b2,Osama
b7541beb-6408-4570-9262-a2efd69afe7b,Edgar
8bc87095-4097-4043-861b-b6bb7971ddf5,Marius
1f70bb75-060a-47b4-a6a3-cae2c2bbfe6f,Haris
af1809f8-4e41-4e86-a944-003a83bf7937,Freddy
10ce5ed2-f170-45c3-8ca5-b78bc26df53d,Salah
8bc3153c-2bc2-41c1-98c3-10e31d81328d,Yosef
7ccf5286-1d3f-435f-b1b4-e3eeaf4c61a5,Kamil
daf43712-e025-43df-88f3-1e01f7018f1c,Ole
f48795cc-500d-4daa-b033-19750daceabb,Mattis
f3ced5b0-9b3c-410d-bb21-da314c761d3a,Dimitrios
0a15a328-8246-4899-934e-a761e16891e6,Konstantinos
cddc4374-dd30-477a-b874-20d3c1c5ab48,Jorma
9bc5fc14-ceda-4e14-9bc9-e3873d51aa0c,Jarmo
2674ada6-a73f-4f32-b462-36c053b6c395,Ryan
00f75704-ae1d-41b8-a16e-0f5013e9ae96,Amadeus
3823feb6-2557-40c1-9fcd-deae1a65b0f7,Aram
33cff873-892b-4313-8e3d-ed380b34addc,Dariusz
82c6914f-e1f1-4f62-9d8c-d8864c19eb37,Hilding
286f067c-58ff-4bb1-8753-54f6e88b9cf5,Lars
6dc01d92-c255-404b-b6d5-9878a9c21545,Åke
1555b6d9-9e67-410f-9d70-d6eaeac129d3,Kenan
bb1c04d8-3211-478d-9636-3857da270a8b,Bengt
7b190ede-4ff6-4e32-b35f-b3a9bad32f67,Åke
27595b63-5ca2-456c-a591-cea3eb3cd0b0,Saad
86f0ec45-a11d-4c14-ba13-a34aea75ac2f,Marc
35393bab-5647-4c01-966c-9b25eba4322e,Wiggo
996775e4-2536-425c-9ef5-77127b1da94b,Morris
0b800deb-d5d8-4c2e-a791-fdbfeeb7d32f,Steven
8bf8a5d1-ac93-457f-87ca-4573acef3e07,Danny
eed67afe-788a-4b5f-a70e-9d498109cf6d,Matthew
b72d5706-d2d8-4155-b8af-0a4a427c5141,Aleksander
a656a98f-17f6-4d65-ac14-e90368e29d11,Dino
f400f811-2293-4497-bc5c-c615a1fb2f5c,Zacharias
46605dc4-44b2-4b6c-aa91-5fb52bcbc8fe,Tarek
0057066b-f192-4ccf-95b4-8f7f4a6beb2a,Karl
e29246e5-9198-4742-8d78-9df1a4e82049,Erik
d3401a2e-452f-493d-b680-b26c54a5e9c9,Otis
6ceea2ae-768d-4e9b-8e0e-6dddf77c21c7,Dexter
ddd7c788-bc9e-4b3e-b13e-6a2f0a90187c,Ken
075c8b83-d219-43ee-8406-683acdaa39ce,Rafal
29ab28da-2212-4bab-bda5-173477f8fff2,Manne
68d00a3b-8681-4377-80c8-d264c8977ebb,Pentti
234061d4-d326-47a0-b481-8399ba71837d,Frej
8c85ba6b-4c6f-48cb-a6e9-ca9d3716e026,Hannu
3ad9347a-7b93-44fe-805f-cc9f8fb486b3,Steve
53581c9b-6265-4da1-a95e-af620bf57c5e,Alireza
2c5e9ff4-117a-45bd-ad90-7dda4024c51a,Östen
a0953e0e-4859-4dc9-b2a9-f9b109dbf8a2,Amar
94a90e11-3967-44f0-be5b-b78cc0b59538,Imad
33d099ee-16e7-4862-b425-92a5b4c4c624,Lionel
c34aea2e-26b7-4573-b5de-18c8b4255120,Nikolaos
e4712c71-e659-42e2-a1f1-5ec4cfd7dcd5,Bastian
f3195f21-effd-4265-b9d8-97311fe96dd1,Roine
a902e972-cd0e-440c-aaad-8adeb8f6ea54,Arian
0c6f8ebe-c757-46cc-bbd3-8f6ae78d3420,Damian
c8923f5e-cca0-4a30-9d3e-603d73bbccc0,Farhad
5ff40be2-632d-4134-8844-cd2bd1d363fa,Ioannis
000f39a2-7ff5-4af6-b467-b6064c431008,Majid
b2a68c51-89da-4b1e-af37-cdc187cc4a7b,Omid
bccaee65-318e-4b42-af3b-93693e2dafd6,Erkki
f24c0f6e-0500-4641-a062-b0db05c6af86,Morteza
251729fd-629a-427b-9b2d-74a9789aea29,Reijo
87fb704c-3c9d-4254-b452-2012560d7c76,Bassam
9ab32523-af9c-4926-a98f-0e625d643a01,Wojciech
69a40e1d-7926-45e5-9337-2ab595741b2a,Hector
85933653-2623-4363-8514-c10f5c4b638d,Mateusz
18560ffe-5732-4da8-ba1d-d488888ee68f,Owe
c979b84a-4ed1-4b7d-8ece-a82c3984abbc,Angelo
52242878-b698-4415-975a-fcf7af0debd4,Wiktor
ede1efb6-247b-479b-ac6b-860b6b32acbe,Kamal
2ad8ca89-b5e0-4142-8eb2-c3606529701a,Malcolm
7bc67dec-2688-4001-b5b8-1da21b525ceb,Fritz
b6070ab3-6f1f-472d-ad94-45d3de46c64c,Ben
ac9f59a0-b0cb-4050-9767-3ec86e248a67,Akram
a3d86374-8d9b-42a4-8f10-d692cb4e4a85,Francisco
6595cb9e-1cfd-47d8-b216-9774cd995a8f,Alen
c33bebd9-7a10-44f7-8e51-3dead5f53d63,Harri
72a28e0b-540a-47d4-992e-f2f5a5fc10bf,Marwan
bc394380-15f7-4f5c-b559-f354dd039844,Saleh
07086f7a-23d1-4955-8741-dc8e0366e0a6,Sverker
87dcac72-fe15-4f00-96fd-7e2df81c7097,Freddie
08b1887a-8060-4aac-8463-a556894bab21,Naser
014d8d15-7f26-49d3-918a-808ae109b2e6,Mohsen
b2afc167-d96e-4621-9cad-f72130c66cd2,Zaid
b367b9a0-7583-4a80-8fee-b0268dd48cef,Karam
7e72b606-3fcf-40c0-bc34-3b697ee2c0b8,Nathan
1350590c-d5bf-42e1-aec3-0ef809889874,Assar
932b929b-d5ee-476f-902e-08a8e3e6bc93,Tonny
b7f9f632-e916-4e16-a826-aa6864781014,Andrei
f2953416-1ee7-44e1-a714-5bb55be5414d,Ricardo
45abb8fa-4994-44ac-8eee-e128538e53b6,Luka
17a073a9-9c1e-48a7-9043-e2d4106d8201,Odd
6b574101-6064-48c4-a06a-c665cb2328e7,Mike
f0d6ea11-a7e1-4c0a-bcc0-50436aa25065,Abraham
16b28f30-2119-4245-ab89-05b8e001d66f,Stephen
702c50f8-28b8-4f71-914b-cede09e8af69,Yousif
89ac3d18-6bbc-441c-bcf2-6e4dd5caca37,Jani
b7acd076-6fb8-4eae-95c4-a64bbe67c279,Seyed
3f4f2bdc-0928-4fa8-9a86-f2e9037901f2,Thommy
1c665fc4-cd9d-408a-be90-563f5fc09b1c,Arman
2041c7c7-c35e-4abc-8146-30623b2d4dea,Lars
aa291824-99e6-4d75-a829-b462278ca88a,Ove
a60db4c1-33c2-4bcf-b79c-209f263e20e5,Thord
fffff560-0d04-44f7-813e-fb18e9770045,Jacek
ad6d72a0-f678-4753-b612-19793037bf66,Emin
8947a495-58ed-4bed-9d3c-7d098e77d82f,Issa
939f81ec-6c9a-4f38-ac49-eac6514c8ac1,Truls
213d61ae-4f94-4a59-a06a-9ef8128f74fc,Heikki
e5e89522-f2c8-42d1-b705-a5739da398f5,Yazan
77a3b34a-b0d5-40e0-bf1a-8272da6e9556,Alwin
e12cd8f2-4f63-467c-8629-0c98e76448c3,Lars
67571129-8a90-4f1e-a578-a6426ee8d748,Olov
10f30014-646e-46cb-b339-0fc96801407d,Winston
f4951977-51da-46bc-8f1d-9d47af8db89b,Dawid
2aa7cc8c-8f06-44a8-9c4f-f7a20bd4a589,Jukka
6425300f-0ceb-4d62-b8f4-80dadc026c96,Waldemar
035c8317-32b7-46e9-a826-e01d542bbc87,Gerhard
19ca5e81-f996-471b-b637-9f3d8fa3c3a6,Sean
729dcc1b-3666-4844-a990-c10395c692c2,Mickael
93c8f2c3-e42b-43e9-92e5-a2bbb84aaf81,Damir
8d76de61-8d6e-404c-b80d-6da60d8fc363,Pedro
6bd99200-8455-47e2-b4f2-9fee5f7f2e3c,Adem
45b827f1-a44a-41d9-8004-89b14734ef8c,Mahamed
babb47cb-f95c-4f6c-b7d4-15bac3504e8c,Salim
785c1c62-e8fd-4f9e-9e7b-e237506ae013,Diego
769e36b5-0a68-4f50-bca3-06333b20a6fe,Chris
f93d192d-e3e9-4297-bc7f-ac8e645a15be,Enzo
00151bf5-63ea-4b78-9b8a-99f4065dca70,Lennox
65b4c994-2bfa-495b-932e-aa2dc9d0e48d,Maciej
0998b581-2776-4e9c-b421-bcc7ef701bbe,Per
a787466d-2281-4e4f-adfa-0c9155b74176,Erik
455e9454-8eeb-49cd-b791-30b640196e1c,Musa
c514c21d-8d4d-4ce9-ac4d-0b2089f67847,Malek
f9d0c873-a33a-40e2-9c6e-7fb82cc1ba88,Arash
ef406c97-bd81-4ccd-bd9f-9df3dde033ed,Emmanuel
b06bd544-d213-4d37-a7f8-bd8179b508c3,Alexis
dba6ae1f-68b2-4670-83c0-2d489dc305d7,Enes
0f240cd4-14c4-4391-86f5-5ccc3ee68a20,Imran
749e641c-1c8f-4d85-880d-785c21706384,Farid
570a51ec-64f4-4b14-8a7d-52ca1da59e9a,Jan
919b131c-92c1-418d-a10e-95597c00620a,Eric
531022d7-31b7-4e3e-97a3-549157ae4a92,Bashar
f6283d4b-ac4d-4dbf-8bf8-38ee1c7ea668,Bosse
b91e3c24-6119-40ac-86dd-6eb853cb1159,Malik
59613747-0956-456b-9651-d8de9a80e72c,Alejandro
ccb3bf43-ec36-45f2-a972-e86047c46acb,Fernando
bfd4c9e4-f4f6-4720-a550-9d2cb61df4bd,Christos
b5fee008-b0b3-47cc-aad1-f0be8903b03c,Emad
2d164a99-15bd-4832-bf0d-0e281b938087,Wilton
32a508f2-02a2-42a2-8028-d5c9e1c8de51,Pablo
2ca47ac5-d14c-4694-9ec8-1a5dc9c4a60a,Zackarias
edc16085-7c47-4e25-89d9-82e55b2eaa99,Arnold
3e716bb2-640a-45b4-83fa-073aee861f17,Murat
f243fa24-83db-47e1-8376-b77241393216,Nick
7678babe-7d2e-4641-8e96-02401a0426d4,Hans
594046ae-2e2a-49c7-bb88-eb9d50b54053,Olof
d5d3bc4e-c34c-4e18-b5f6-d39a0d54dbf1,Devin
e82637c2-d82c-40df-be7f-d6217d0f7ddf,Senad
6df2603d-fc2d-4ac9-b130-904e54e47d52,Matias
768fd452-5762-4bcb-9f13-6b3c26bd8ce4,Sivert
ef832530-dba0-460c-aebc-dbf768352d81,Hamed
f1bd42ec-620c-4820-83bd-994f191ff82e,Habib
ba2c685d-e4a6-43fd-84c6-c2b7d3e2e4d2,Jan
550c8136-77da-4718-8831-bbc5bda391f8,Olof
796b8941-82c8-446e-b555-e7f86e3192d1,Muhamed
3aafe952-2803-484a-996b-915317b32f85,Lias
b493b62c-91ac-4cd7-bcde-858dafa8bec1,Salman
1109db58-37d2-497c-90ab-432694fb8d58,Ziad
ceefad8d-ca11-4e0f-a846-1523c0378bd3,Abd
fd9f0649-b73c-4db1-ad79-aeb186b196a4,Jan
f2c7de0f-648e-43c3-a3a6-ddfcb025e4d5,Åke
edc9aed1-e333-48a2-a4c8-6aec0534738b,Sander
932e5679-9928-4c29-b5ae-d5cb6eb68cf8,Anwar
0ec0460b-5ac4-4172-b19b-395a068394e1,Laszlo
a36b1b56-6951-4745-9664-a0400f257881,Mirsad
c545ca1f-46ce-4e87-915f-3b651af6504f,Zack
4c5f854e-56cc-4dd6-bdb3-ae5246064a88,Herbert
d795a747-b00f-4016-9625-4e094165d932,Abdallah
43e980af-e8e1-4fce-8b6c-2a3dd4189c6b,Collin
bfd3c8bf-6c38-4c24-bc20-12bcbba4c790,Hani
28bf184d-6a32-4135-8736-2aa271fe884e,Lion
f104b147-4a55-4bc3-b287-c3c1f8c7a99c,Firas
a51493db-d2a8-496b-9eef-117897ad8677,Juhani
6050cc55-4ab1-484c-ba40-6c7269bcbf4e,Sven
855525d4-4abe-4870-924f-5eeec94a08a1,Olof
d68e741c-d71f-4623-a7c5-9a63a3d98d10,Risto
8d1940ea-a3a4-49f7-8f0f-0c185b126ae8,Idris
ba609ad6-de20-4b7f-ade0-fc8100882502,Ilyas
61991bc8-f48b-43c9-8092-7390ff0e9149,Ricky
cf186652-9c6f-4fbd-a2c7-cae7e6bf82c9,Wael
2f62456c-7f43-4dca-8c24-f1ee43190301,Roberth
1f1da753-e592-42c4-815c-c113d391e489,Louis
1b758534-132f-412d-a126-b52b338a06d5,Teddy
aa6cddeb-ed7a-4d84-8497-a05b41342cff,Dominic
5951d54f-ef09-4298-a7a5-f64a45f4df09,Wilgot
c86fb2fe-f289-43db-af29-527af8f90f3a,Andy
dbf5c779-e6b5-4ead-9633-a9b4887de014,Deniz
4f86496a-53dd-4c15-829e-88b4401a3f5b,Petar
b5d12c13-7d1e-4a40-8be7-2de56b164a81,Jasmin
a1c16b5a-3ff7-452a-89d9-e8507af17d72,Nelson
302ca831-17f2-475c-84ef-9be1ccc33cd1,Cesar
93e2d9e0-c9e4-4fea-ba39-3e6eb2659a4f,Azad
3c158dd8-1f8a-4246-8965-c3eec413ed8b,Arvin
e78d8c92-b45e-4e81-b1c1-0540bf0593c1,Saman
d6fb3cea-9957-49a3-8fea-3e6e875f99e4,Charbel
652a2f7f-f79a-4cdf-978c-2628d5a25001,Esa
3098a42b-645c-45f2-99c0-6e2479e3a1a8,Yonas
47e7b8fc-e1db-4b79-94e4-5f615d6cc284,Bashir
5ec870ae-2606-40ef-918f-48cb6997cd51,Carl
569bf4dc-5d24-4dd1-ad48-ee9353ccc0f7,Johan
39295ab8-cf5d-4e9b-823a-a20d49c32ff6,Tommi
90d0c4f5-c8b8-4767-bc21-ff3ee752b6cf,Mazen
ae990116-fb29-4ff4-b5f3-83cf9f07103a,Sergio
44af453a-6c51-43bc-bece-c491f2a62c3a,Bengt
a46e7975-a94c-4a02-a4df-75937b7f08c1,Olof
6bca9464-823a-404c-8ae8-ef419f44ed3b,Jan
6316b883-d444-41ae-9d33-ce1c7c856ce2,Ove
c18742f3-ddb5-405b-b020-e5b3e3add2ce,Omer
c40b2b09-9fbf-4284-935c-3cc160edc571,Zebastian
fec0de50-6307-4131-983c-87990dc2e89e,Eduardo
5e622bcb-c6ac-40d8-bd3c-ce100f49cf70,Klaus
ecf9b272-78e2-4a4e-b57d-c082e5e56f3a,Kåre
668a46a5-eefc-406a-9431-004d216eaf4b,Kimmo
e652c28f-184a-4c9e-bfe1-0a0573ba0ae4,Jaroslaw
14b64aff-4e07-429d-b444-b9b1e4c26967,Leopold
00cb49f2-ba8c-4ffe-9c75-045914cb3422,Nader
088c786e-78bb-4c7d-ab3b-c14881865618,Eddy
b3a93048-9594-45b4-9cb1-35582e923038,Rodrigo
0eac40f8-1804-47dc-8c6a-dfc2e9aee8db,Nenad
72c75e3d-e082-43c0-911a-bb6b52504b53,Pertti
ec54a530-f59f-485e-948a-bf3225b32d02,Abdulkadir
eb102bf6-62d6-4ad9-b3aa-e4125275db72,Carl
c4f959dc-3a7d-4f92-b73e-6136d2bd3275,Henrik
5fdeeb03-3c02-42f8-8162-ad45d4f47f8e,Taha
da5ef509-c575-4cb5-a4de-85c65668ced7,Viking
c5b1c135-693c-4c5a-9fde-6ed3b16dc5fd,Lage
20bc3bf1-02a9-46a6-a074-bef2093d754e,Mikko
2dcc5e35-97a1-46d1-be74-bbe4eff2e46c,Sammy
61104ea1-aa22-4fef-9ff4-ae809c779ade,Sasa
c7d073b2-95ca-48ef-9e85-81108d9d1b2f,Dominik
9b9da218-f7e7-4255-bd12-0b10580a7da5,Petrus
164a33d8-68f4-444c-b6ca-25b6b1e7473e,Haidar
87ba782d-ecf1-4df0-81c5-1de7880ccfb8,Léon
0334b975-2597-42f8-96ca-74363048b1ff,Saif
a80b28ce-fb37-4d3d-a59e-b3513c20fe1b,Andrej
071abffc-5138-4b54-b2e0-ec3df6fb465e,Martti
7f36cb55-c5cd-45bf-980e-7c6789cfa387,Majd
8a616f75-38be-4820-85a5-60abdb331611,Nima
113bda6e-fbb9-4bca-860f-c214136f3a4c,Pål
995d451f-1e32-4a4a-ae0e-68336955d1da,Per
610bfc35-4c5a-48e3-a31e-b3531209b20f,Anders
6984496e-f8bd-47eb-88ca-537c02e2397b,Franz
fd06e485-9037-48b4-9b93-1773ce20c33e,Pasi
a6602457-a2ce-4c04-84c5-4cee62413e12,Crister
5b2841cf-8dda-4851-86ca-ccb7c101a52c,Syed
54134380-99c3-46e3-8df4-0887e7760218,Cornelis
f8d41554-204e-4b6b-bdac-7fb9b633ff6b,Darko
cb39681b-49e1-4d05-80c4-e40a7a058a46,Luca
d1e12cbe-10a4-4971-934a-01bc3ff87322,Sayed
229b4f1d-7cc1-41ee-9622-0db6f59220ac,Tarik
d5c78ada-05d4-4742-8a25-0fcc1a6a538e,Bogdan
9203f560-0b12-4791-86e8-5a43b09c241a,Almir
97e89d01-a152-423e-94b2-1cbad44cd1a0,Miroslav
5613c9f9-3d45-4a09-a845-749a04b37de2,Faisal
b918a128-4905-4744-ac7c-79a82b35cb14,Jouni
6368b68a-b4fd-4b5b-8ca0-b7f087920aec,Jordan
584ebb1e-e8c9-4041-b2d9-fb12fe21f227,Pavel
b726dbfa-48e5-4900-bcbb-48daaf9ade40,Isa
a6acc152-58d1-4cf1-8437-ec97cfd42832,Rainer
08917162-557b-4d64-9d1a-7485e4684e0e,Donald
5bae5d95-a6fa-40e8-a163-0d3cfc704c85,Lars
8a4fd6bc-40a0-4923-9e6a-277ac8e0f7bc,Eric
cc7b2ba2-f879-4e2a-a488-092fea166701,Abel
660d5d66-05a9-4ff6-a189-84e8b46a7fcb,Bengt
7773db49-cc24-42f8-8280-f88762f4160f,Göran
4547282b-c795-402d-82e3-bfc6002fd0ef,Milos
0e2d93c9-2a46-4f4c-b8f4-e9d5d0a26cc3,Reino
c609eb1f-428e-4d7f-b398-155ab47b8101,Dani
be2957d2-6374-4a34-a9d1-26cdcc9c24f7,Masoud
d25cd7f3-04d1-46b0-a075-039cdf3ff46a,Patryk
4f84812d-f61d-4605-86bb-8502c38f3930,Ömer
547319cc-f2d6-4a3d-ba14-ebdbcd558915,Ismet
b0ba4e1b-2f31-47ee-b446-9599acbf8906,Lars
42043a30-7b73-4977-a205-72b2f7fa6685,Olof
85628bb1-497f-4a36-b5ae-896a694b9b8b,Sven
190810c0-ffca-4bb5-818a-ae9330d530d6,Åke
ffb003a8-a54f-47a2-98c9-a67c43ed8864,Ghassan
e0fc7ce9-1975-49c3-b0a0-ba66029b9856,Wictor
d0c1fd1f-f5f9-4719-96cf-3375708bc8fb,Georges
ef75a44f-177d-4c92-ae70-cfe32eef6554,Leonel
881e18e8-5a71-42ed-8c4e-6fe41a97950a,Mirza
893b83c1-059a-4657-8660-96cada9b5a80,Florian
7b99a2be-dd79-46cb-acc4-c7b234054823,Hans
57570be5-e442-4ed7-8196-e24463f1e2ef,Åke
4086a05f-f7c2-4763-971b-669adfc90a07,Karl
88179ad1-7323-444d-9582-2aa8816ee8cf,Gustav
55d0c9f2-f61e-413d-8e64-e4927e2a74e1,Zbigniew
19b0fbfa-8631-4b92-8fc2-b201929d4f14,Claudio
0775e8b7-1c1e-4653-b4f4-491d9cee5d8a,Eli
9d1c2f05-6359-42cb-8cad-379c75499d9e,Younes
9fff7640-a71a-4485-b299-d355aa149699,Raul
f1848054-71e9-480c-bf17-5a182ca6c0aa,Scott
25fc72b0-639d-4115-bba5-ef1c68b7d887,Thore
c7963df1-07c6-4795-b3aa-acb917a132f6,Per
4556cca4-4e4b-4ce4-a61e-039f6111bb8b,Arne
5a10c896-193a-4567-92d4-dff62699c283,Saeed
71cdf9ff-8290-4ec2-b889-a8475aa5deda,Andres
8c1dc902-3780-44ae-a7cb-cb5f214d98f7,Gillis
b08546ab-6ec7-4cc3-b5da-71725f88b68f,Wolfgang
791af6e7-8ac3-46f7-b9e9-ecac78566258,Ante
493fb010-4819-427e-838c-61ef5237016e,Niels
28602c9d-a8e3-4c02-8171-c9e41b818eaf,Yaser
2eee6523-29c8-47f6-bfcc-423bc951260f,Taim
05b2bb2c-18d1-4ddd-a600-d32076f9272d,Istvan
6c7219c7-42e1-433b-9f78-833eebce4ac9,Alessandro
69c66cdc-db61-41e3-b120-143946e5fb2c,Adil
0a32eeb6-bfa8-4a32-9610-c1ce7a4d2c23,Bob
acaa918a-3855-4744-a211-021300f0f282,Attila
bd11a78c-101b-47c5-92cd-4f97ae33525e,Jerzy
5ea07d32-d9e4-4521-bb5c-cafd94d2a3f2,Ayub
5eadf82f-8104-4dac-9d83-b7f5014498b0,Yassin
24e09f1d-5b6b-42a8-aa23-83bdef5db481,Jalal
01685ecc-e631-4447-bcfb-764f793e7805,Nils
d39a808f-f266-443d-8e90-38c366bb8753,Erik
76e79f2f-e892-4a1b-8877-f9b3839511f8,Alexandru
ce2ec076-7cc9-4290-b35b-ebb9541baa36,Elof
a5af289b-5056-473a-aad8-745cdbc009d3,Slawomir
8f43b4c3-1403-4267-ad43-eb2fd583b51f,Mauritz
a54da56e-1b14-4ff7-b717-a0216f3f8c85,Arto
10947eb9-71ad-44b9-b390-75af3d731ca7,Ehsan
fbd23504-2727-495a-aac9-0946dd111291,Laith
0088aa83-a2c4-461c-93b2-4d0db5a27f8c,Sigurd
37665d39-a7c4-4897-a9b5-19361192f654,Esko
080da2a3-8bbf-4b69-9f13-bca13e901063,Hussain
c39f0512-e75c-4d9e-a5b6-063e3b166893,Morten
813197ae-b5c1-4bfd-a541-5acda70c844f,Fouad
122ef873-649d-4d28-a0da-3ca366f219f6,Kacper
ffa750d9-68a9-41cd-8200-2e493b0b21c9,Zeljko
59eb547f-8e78-4e7c-969c-1fcf7ca8813b,Jouko
d55088b2-929c-4fd8-8de4-ec95745a63ed,Sven
2fffbc30-9c1f-4ba2-acf8-0185bc3a92b7,Olov
8c3a288e-b9b9-42aa-82f6-6234d369ea30,Denny
cb5dd5da-0006-4bbe-9247-61f6bf62348e,Esbjörn
14fe4bfd-821f-4563-b15a-c09b24739971,Karl
f2b1f5c9-86ba-4d48-9ee4-c4cd39958a55,Axel
92b5747a-ef11-4488-8312-b3b7924ff618,Emre
5a025df2-f70c-4349-9a5b-787d4e9057b8,Terje
bcfb5075-5f45-4cb9-9637-e20fdd450254,Basel
35f1cf34-ecf0-476b-a1fc-400316f317d8,Kjell
dd55c8b6-ee27-40ca-bcf7-3e73dbdd7c00,Åke
e1ea0030-1423-4bcd-a6dc-b735294e5f19,Lars
0e6c5f8b-bcd6-4d02-b284-06d3f5472211,Inge
1eccf56d-cc1d-4dba-a645-e79a318c542f,Mahad
707d3707-615a-4c78-9bce-548783d2743a,Jamil
e86cf378-2fe3-4ca6-b1c9-da07ad856932,Silas
fe288374-05b0-4bf6-910b-f1270c6b442e,Veikko
13c3ec26-ed96-40d7-b74e-8e8e572296ab,Henri
94f30e42-1585-4a5d-868c-34dbd2f83b31,Justin
a83c9fcd-a49c-4eae-ab07-037f52db0bb0,Percy
703ff557-4f89-43cb-ae4a-169a4a24fd52,Admir
e9066a9c-1cee-4809-b7fb-845b2a7f78c1,Alberto
836cdeb1-4cdf-4197-b57e-6e043b2eade7,Kemal
8887a2e4-b13c-4ed8-afcd-8bf36c502018,Per
78089b3b-e025-41d8-aa74-7c945d26d854,Åke
0664a261-a16c-48a3-84a0-2394c1a2ce4b,Lars
40266555-c8b9-4b47-83ce-15c4db609a95,Gunnar
7bcf3aad-fcff-4223-bc38-777b5213a291,Carl
82ff4411-993e-4182-a738-01a12fc1b637,Magnus
543c0592-7a1b-4799-8810-4de2be8e84dd,Janusz
5933b765-4cc1-4ba9-8384-29ed04e20c88,Alexandros
1be22aa9-3df0-4757-9eb9-a904acbea11e,Matz
3a921491-2ff4-490d-ac37-37def9d0151c,Ramin
cfd06524-f524-4c63-b784-00a9135cf9f0,Darin
59c4adec-786c-4bb1-8acb-07cec508095f,Egil
3ac4d965-4ce1-48f9-917a-ac73259ab578,Javier
fafd4450-3ba4-4dd4-9113-eb05c3e86a3d,Majed
4132530b-bac3-4f5a-8e5c-51a4bdb59372,Danial
8de21df7-a13e-4a99-a8df-e349b778e412,Maximus
7802b86d-b999-4b12-bb20-b400859364e7,Feras
d8712ef1-41a6-4ddd-9fee-6a7ca8851203,Keijo
5578ffca-7b70-4af2-a397-20fe06bf6f96,Wisam
713d46f1-c52d-4c4c-b6e9-157dd966777b,Abdifatah
bfa85aae-82e9-4c96-b77d-c4ca3a75c748,Dawit
88308580-b3ee-4074-ab29-5a9194e0cc42,Yasir
77fb4045-cb20-4db5-a579-2e8c231e7cf9,Francis
9685ff9b-c9ea-4d85-aaaa-4bf3b800c865,René
e5f38376-de7a-4a2e-ac8a-b8557864d2e5,Romeo
3920dd38-9f92-45d8-bec2-13631aa67412,Eero
d386061d-0e21-4950-8aef-5d3f028199e9,Josip
20beb17a-27df-4290-91ff-24dad7dfd16d,Villy
0076fd26-56ae-4ffb-abc7-1c76073937f2,Emrik
ce907be5-14ae-44c5-ac68-c87406f7aa4d,Raed
2c732fb9-4984-45d8-93fe-714d4a4961c5,Birk
d52accce-74e8-4e5c-891c-508b376c2e9d,Danijel
b1aed326-f6ac-49e6-a049-5182aefc9ba8,Nour
fb3af707-f47a-4cf7-be39-a17d4df0d16a,Reidar
721a1c73-81c3-43f5-b015-1ff88a571c10,Jawad
8a9486cc-9061-43b4-a672-d4a8c0f58890,Bengt
30de6c74-29d5-4f7a-95aa-8375566f7981,Åke
2938ca26-59a5-4e20-8adf-190e6566b42b,Dario
7ad464be-1e27-45f4-b20d-1faec202f943,Texas
b855d6a8-c0d8-43b0-b800-dcb31991081c,Klas
74b027f9-105d-4cfe-b43a-a43bc09eb0a1,Göran
0bf2ae84-bdae-495c-b240-b8473e32b395,Lo
7c1fb7a7-ccae-4055-8448-81466b5873f5,Rudolf
46ae9981-83ff-42ab-9809-23a5b927a8f6,Gusten
fac059c7-b552-448b-886c-8d6f107deb5d,Marcelo
56ff660e-af5e-4096-8ee1-224b8e4a6e42,Miran
ae71e955-0dd3-48b4-9e28-71174e0b71a8,Antti
48492ba2-4a6b-4b6b-9877-1111ce9b8be4,Danilo
346ecaef-fe7a-4e42-8072-c645a7361e09,Vince
e06aab21-fb81-4106-826e-629dcd9c1be6,Amanuel
4b3b6f99-555f-4d03-98c6-1e3d2fcfa502,Carl
3143c69f-ec14-444b-95d6-2ddd8ccd0de2,Erik
5c8aee9f-49aa-4d70-a857-bb06607e9dd7,Elwin
e1a64e26-de80-4f68-940f-ba69214aaebb,Loa
a983c86c-8427-4506-b494-769dc9bb5a4d,Rashid
e148799a-a353-495e-8e01-d67f3204ae12,Constantin
312f6ba8-0382-4ff1-9be0-4fce9819d760,Hubert
ab226031-84a9-4220-b7c7-2745688961af,Jad
9668c94c-1bbb-42d0-a8a0-596757439d2a,Sead
9c9d679c-5875-4a96-bfb6-53a6fe5e5378,Konstantin
b6031c9f-0b69-4ef2-9e94-e7d51ae4ea3c,Amjad
b17a0fe2-b4e3-4d5f-97d0-93230bda8167,Bojan
93eefec9-c903-40e5-b607-753e799238e9,Eje
861b8e34-ffa6-4520-837a-d32182888ee2,Anthon
86767317-0e52-40a7-9268-887a713814fb,Hans
0f6fd630-a85e-4737-966d-f79ec52c1d34,Göran
6a8c9412-634b-44e0-afc3-beef9740b7e2,Pascal
e2ba3c8e-31a9-4b89-b21a-148c6c26d467,Adis
ece40015-cb12-4ea1-942b-64a611da87ea,Hussam
dc17f72b-80c3-4884-aa2f-554006790263,Carsten
f9fc1243-e95c-4f29-bfe2-5fa15d6672b8,Ebrahim
b3c67877-7e57-4cde-adb2-47968af746e4,Salih
fb26f1c5-4c6c-43b1-934c-20983472f7fa,Carl
c07e6ad8-ff42-47d0-95f0-a137e0492da0,Fredrik
0d8fc5a9-ebbe-462c-b958-d03ceffe86a5,Gilbert
a5571cc4-50ef-4643-b344-eac9a307cc1b,Johny
f1a40b3d-8961-4315-8c41-afd0497e3a6b,Berth
bc03eec2-50bb-4540-9db5-6360a537ac56,Guy
1724c7b5-ca5d-4748-83ee-6e8f650c69c4,Fuad
1886297f-6a32-4ea9-83ad-708d19e2833c,Liban
12845d8b-782b-428c-8697-75910cf942b0,Mohamud
cfffe309-f136-4ef3-9f28-3282c5f2bb61,Shadi
72952fd0-815e-4a6b-b2d1-aa8c86304770,Halil
bcd199bd-21e0-4ca1-9ace-2000284fd0cc,Leandro
ba7897ac-caf6-4be4-81b0-9392a973a249,Ebbot
b609d7fc-f679-4a8a-a756-9220a89c702d,Karol
f8e9fd4f-cfc5-43ed-9848-5db0ae711e6b,Gary
3b603cdf-8052-4590-9dea-780e877a401f,Robel
712dd256-eb70-405b-b955-ad265eec6c2b,Nathaniel
faed4f6c-8464-42c5-a24f-48d60b8b6df8,Solomon
d1d883e8-ced4-454e-a303-ae72ef33b2ef,Maxim
3cadd25f-e22e-47bb-bdf2-80de73f8839d,Bernhard
31e09d4a-8cbe-4c56-8be6-2657313d5f33,Fredrick
a3a90d8c-a278-4dd3-a245-b812c9e39af6,Giovanni
688e8126-a358-44b4-9e5d-7e35e4af7955,Panagiotis
c32865e1-d729-4c37-8e7e-c84fc2f06fdb,Yasser
1b2220df-489d-4347-92bf-24bef949bb09,Nico
9f60fdc1-f3b2-4742-a484-1e65ee218f11,Ramadan
6ab20a0f-8bb2-4973-844a-26c17b5f7e6c,Zoltan
af8d6325-67c9-4765-96e5-1518bf961a6c,Enar
77c8840a-d4ff-447d-9e22-006f02a0791b,Mauricio
660c99ff-95dc-4464-8d79-edf441f16fd9,Miroslaw
9e9e5cc6-c383-419a-ac9e-bb7e659d094a,Stanislaw
90e7ffe7-8782-4177-abc3-48b5548b7123,Felipe
d3e1c851-4696-4807-b88f-5634a4b87c7f,Per
7df28849-1f05-4196-a7a9-bbf19fef05f0,Ove
138f494f-bb5f-4329-97d3-51e33f1b2cf4,Harun
76c79b48-2eb3-456e-ad71-29eb0d95e599,Janos
34f34c03-afec-4374-bdce-ef7e3ac60c34,Bernard
ba9330e4-4b41-4698-a943-4c6980539957,Hanna
de633f0c-318f-4550-a280-112f0dc097e9,Fares
f4ba2d87-3ab1-42f4-bcfd-d9da244d9934,Jaime
4e5fae2c-9c50-4192-a89f-82691d653222,Salam
c672ddfb-b058-4068-ab3b-a1151fc696bb,Ramazan
e1369fd5-6244-48da-894f-51e645471e49,Torkel
80cab95c-1562-4194-b7dc-8a7b4a82f08f,Aldin
2802c605-02b7-4dbc-97a8-492031e20e83,Przemyslaw
d0578618-0cdd-4132-95c3-91fa0f4d2842,Zakarias
fdd80a09-80a3-47ca-861e-4650586e63ad,Arkadiusz
2a56fe51-39c9-4804-8566-16d8b1288df6,Julio
3df3577e-217f-4274-9790-647ef6ca19e5,Sinan
a27749fd-b595-432b-853c-e67c363fd6ca,Tapio
685556ad-8898-4644-b187-ca560420481c,Zain
09d6e096-0651-4d37-8a4d-24ad7b4a270c,Andre
dca07bde-952f-4f3c-9e84-7635da975809,Jovan
17ed4561-f56e-4e99-ae28-90a57c25ea6c,Salem
