be93252e-bc4a-41a4-9f65-02372eac42b3,Anna
db65c30f-9803-4cb9-879e-1ae4d60eaae8,Maria
ac4b8e9f-19ed-4ece-8ae5-9ce85a72c090,Eva
0f21278b-5096-4ce0-a22c-cae553129396,Karin
9a9c3ba4-9d17-4da2-8adc-d7fec78c82dc,Lena
ae456651-77b6-4440-bc76-93fb1f647110,Emma
e6b4f660-8f77-42f4-840e-4017ab20ed50,Kerstin
a437174e-6231-44d4-94df-e1238f0da954,Sara
5031fe43-bd5c-4149-ab67-4beed411c790,Malin
7f73c33a-20eb-41e2-8527-7fb3bc73cfe3,Ingrid
5b2e1ee9-c1af-4851-8f6d-4e52845a7213,Linda
6712736e-e91e-42ca-be8b-b44e449825ac,Elin
527fc913-ec71-499b-add9-1fc52b81dd7f,Birgitta
156353ac-35c2-4f19-ba22-fbf932dc203d,Marie
a24856a7-4b43-4d00-b809-862a08c516d6,Inger
75d8fe29-9608-4bb2-81b1-53c2e1ac9410,Johanna
d047500f-5ae8-4acf-8273-16d6d3a63df1,Hanna
f8a1c428-91de-4be5-be3a-8e150c2479da,Sofia
6f264e5f-2738-4786-88f3-1dd7a154f0d8,Annika
4100c2f0-6633-4d38-89f5-c458080b279a,Ulla
cbb7f030-3252-479d-94e8-5d6ea3ad8550,Julia
509117e4-d15a-4291-97f7-8953486b52ea,Susanne
27791d1d-e256-4ce3-b8d1-be61b1e5e32a,Jenny
823227ed-615c-45ea-9cc5-7e8cd83c5177,Carina
1355a06e-fb70-4caa-83d9-aa1dcb9e3b13,Ida
2886bff0-4123-4b27-9790-61d3d3d35235,Christina
b51f04bb-6ce2-4a20-9aa8-b7f1c90ba6c0,Helena
16298636-1384-48d2-9ea7-e184250b4d15,Åsa
3cadfe7f-8153-442f-ae31-02cb19970b36,Kristina
f7045756-873d-4279-8833-66371db1d67d,Camilla
d3086c76-c9cc-413b-b70b-9e8f9ab3ee7d,Gunilla
1011f894-e5b0-46f6-9f14-c0cef3c9af51,Sandra
7b8f54fd-8347-4dae-a3e4-5351feb87062,Anita
aaa27372-93a0-4d57-b8cd-65b347d65cf3,Monica
8d9881cb-70c3-4c62-a6a2-d2e9869b62c9,Amanda
86fcf9c4-1656-45ce-999b-02949eb65167,Cecilia
bfa290bc-54f1-448f-9e3c-2ecc87c00641,Emelie
bfeef7c7-5258-4405-a346-c50d64597f4b,Margareta
aeddbd69-5be5-4b74-82e2-6ad97e824ff9,Jessica
0c6332f9-f78c-4380-98df-78540226d0bf,Frida
fcac945e-d0d4-4859-8d45-5568f071926a,Elsa
070a0a19-a426-42fe-9dca-e881b9f6f589,Alice
79c3c465-4166-4fd9-be32-a1ab75963ecf,Barbro
1f7d7a31-299d-4927-adfb-c4d03ab192cc,Marianne
6cfab5ff-a2a5-4a89-8787-76b63e4d6335,Lisa
39b9bb15-f768-47f4-9c8c-b6dacaf87b26,Elisabeth
1bf2bd84-5b78-4e78-9ea8-261986d52bd1,Siv
5103f845-5779-4084-989a-0a198632f4aa,Maja
d88a9612-fbf7-4184-81c7-e5fa9a3ed472,Ulrika
673f257e-74d4-48bb-b509-41b0eab84bd2,Anette
3a99f2b0-ce98-4c0c-84a4-b17f3b903ff8,Ebba
1ada5e9e-b795-4658-96ca-04e20b42c1dc,Caroline
20709058-3bc8-4de3-9772-c5ddda85c707,Katarina
2e83f0d7-3677-40db-953c-c7dc2eb1121c,Agneta
8494b927-4456-430e-9cf0-1bc51ed0c635,Lina
d72c954e-3902-4473-a609-1ebf5e86021c,Matilda
5d4c1d32-9206-4ede-b388-948000d2b3e2,Pia
dcc0789e-4298-40a5-8d21-3c75a2f5bb3e,Berit
48a619d0-b946-421d-bad1-39fec10aa60c,Gun
01f1c4fa-4d07-4538-8017-4a0f7667b3e9,Ella
d9df9132-e98c-4fe8-8482-4c1afe46a081,Ellen
ffdc348c-431e-4409-939a-2bd50d7aab06,Astrid
dcafdcf5-9575-4146-944e-7754e3807f64,Yvonne
4777af56-3c9f-42c6-b8ef-d93cf9950634,Moa
db02f43a-f565-4673-91b0-db762c3071c6,Louise
6d584b41-3db9-4935-ba42-044b3136a8a2,Agnes
f8039deb-0893-402f-a4ff-3eb8e76578f7,Mona
fbef04bd-c274-46f4-a106-c3e9d86f7e54,Linnéa
aa5b98b2-9b31-47ab-b1fa-162204eccd95,Olivia
98c61aa0-3038-4848-8bc3-9dc86bbe342d,Britt
aa5f8b55-9bbc-4d1f-9b36-2741ea92b8e9,Emilia
d2f3a7fb-90db-492a-bcd9-1e418d5550dd,Therese
8607f86a-cf20-4327-91da-6dc0184f4466,Alva
ba418a84-32e4-4feb-b4a5-d8cc0494ff0d,Ann
4882bd17-7c7a-4e2e-beff-6405f31e5f1d,Anneli
3a7f19ec-5cfe-4c4a-97cc-f9152a22817a,Felicia
2f303532-a690-4f43-bfae-6e2e1295f359,Linnea
1281b7a7-bf83-428e-b2fe-212cf7a57dd9,Alexandra
827e1697-19ee-4ede-b363-244438218edf,Pernilla
5a8bff4f-9ced-40cc-9e54-76e39d67a640,Sofie
e3b3fca7-c0e5-4164-9116-5276234e7049,Wilma
0468ddc5-2f61-4f1e-8c31-c8fb721062d0,Gunnel
dfc10ea2-5ff0-4ab2-986e-408942848bb1,Monika
10e1b06a-f159-473a-a108-e20768bb5466,Lovisa
774df94e-fb11-41d9-9c04-b34d4ae7ed69,Nina
de7ede16-d4a6-4b54-b23b-ab1071dc5476,Ingela
78477e9b-c00d-456d-acfa-d1fee0d2dcde,Stina
4fac5e71-044a-4ee4-8a7d-5caed4a2c2d9,Madeleine
ddfec1eb-9851-4cc5-a05e-5ced55cd4fd2,Charlotte
01fec8d0-9fa0-459f-9793-6bd68d223642,Linn
68bd8c80-6006-4e32-b9fd-eb392ea5d09e,Saga
3a0552f3-7061-4c36-abbf-8193d6db0cb4,Alma
437ee4b0-a115-4db2-a456-cde0b8024f56,Sonja
72b74cf7-7910-43bc-b086-0e26e2751a92,Petra
f7fe8030-d06d-4da2-9c88-4b5a09571d83,Birgit
befbe815-ef98-4ccd-8938-2e0b9163fd12,Rebecca
c782628f-2e6a-440e-a44d-61f9ded31983,Erika
9870fb78-c734-48d5-a57e-56083e3f80a7,Alicia
3c7c762a-f4d5-4b01-ae5c-9362d856bdb9,Josefin
8d0f018c-c7b6-4493-993c-666f949e5dc1,Josefine
3fd19c03-0c51-4dc7-8d8d-2288ad6625f4,Britt
2638b7a5-c2bc-4b24-84d0-d719d5bf97c8,Marie
c49b448b-2dae-469e-9802-92c8baf70a08,Inga
59692c0c-c4ac-435b-9468-4920c7325573,Klara
f2228076-24c3-4a84-87dd-6bd3ad4fcb01,Gerd
5156bc3e-9d81-464d-82bb-8695a4e853d5,Elisabet
364e55b6-ea3e-4995-8f80-ba11dfadb992,Isabelle
6d265d5a-4a08-4c32-bbb6-437f39577d53,Jeanette
56dcc1e5-5deb-4919-bc7d-f739a31e0ae4,Jennifer
22f9d0c5-7015-4738-bbd0-bc724282d461,Vera
14a8f85e-2e60-45e3-b340-b1e4a203c773,Lisbeth
d0f5dd7e-7067-4dff-9575-30ec5c14d22c,Evelina
7fe2ec77-b24a-4029-a569-5cc49c1b60a7,Nathalie
907aec80-affa-40d5-8eb7-5c68d232117f,Anne
6ecfbbaf-6fb2-4041-89fe-321da6fe6e09,Veronica
d3233630-9675-462b-bb5c-f138b1859bc4,Signe
ae2a9875-2c87-4a55-aca6-94857e51a27d,Isabella
324e4aae-f3f4-4934-81c7-29857b87ce1a,Helen
eef213d1-561a-498b-8496-8c17920cb1c3,Sanna
60849e15-bc7e-4359-b5a8-f91b64cb46af,Marita
126fce91-27e5-4fee-9eca-0239e2b99fd5,Clara
693228c2-a295-4193-8717-137e7b81b31a,Irene
1e8d4f11-8e6b-4968-aeeb-8c189667aa4a,Jennie
101225c1-6ceb-4fbd-8301-dab8c5db244b,Annelie
45518e74-b99e-4dc0-9b14-bc6735b89d9b,Selma
a572ed4b-4bca-46ee-b56e-3ff00ff72598,Kajsa
7af913a6-731b-48fd-8eac-2ac40fa6b47f,Molly
a441322f-3e0a-4037-abfc-4fb21806c00e,Stella
59801f68-fa46-4aec-9b35-47385e766bd3,Victoria
14b41566-3b3f-4e0e-af9d-84bb8cf33577,Solveig
d08e5fbe-6d2d-4a27-9cb2-529cf4028407,Rebecka
93336a3e-603c-40dc-8def-3764629e6972,Angelica
4194eaf2-58c8-495a-91b0-cbc4058f7b97,Fanny
e3d478d0-0849-4e4a-8c10-5399862bbcb9,Laila
33cc548c-8ef1-4143-a06c-735acb001c69,Elvira
887075e6-d92d-4823-9041-6ee2a5c30a0b,Ylva
d6d37e69-f9a9-4c4a-9ea3-3f4a7689e896,Filippa
bde8ae55-9151-4054-a15a-88f5ba648397,Martina
ac315cde-429c-44c3-a0f0-62ee550f04a2,Nora
7a05f8ba-2f70-4922-8de5-a14bb01642c7,Märta
74ac9362-e276-4769-8170-2c71ec32d71b,Maj
f60d94be-a4e7-4d6c-a2fc-8c8d46ecdaea,Nellie
789cd1ea-d79d-4ea4-ac46-e34370c139bf,Rut
5d930966-c156-42dc-a734-0f6b43319e27,Helene
9fd18fe2-a46e-4408-abf0-533df7f1bc1e,Freja
ea7185c5-0665-4a78-b859-dce806c908cd,Ann
84596d6f-c430-4bc5-a230-94d7ec91b4d7,Charlotte
24da3d6d-de3d-4427-be8d-c0d364da996c,Mikaela
f67d386a-9bbd-4e11-a02c-2899cd2a7747,Maud
29ae8fa8-e827-4a0d-9a11-350d298205d6,Tina
74b90c4c-8ef7-4d18-9d03-5815b4affbe1,Nova
57ae9660-4666-422e-96dd-5634cdc46d6a,Annette
7a3f3c18-df63-40d1-9089-e9d154a7d3ac,Sarah
b9b210bd-d21e-4303-b560-12505af809b2,Marina
89d9a90e-5e41-4317-8213-e5334ba74c61,Anna
2a617466-04d5-4cf7-8d45-f00781cce90b,Karin
15ee8ae7-babf-48e6-a731-90bdda6141bb,Tilda
39c8aa09-e5a0-4f42-8957-439234e9b8a4,Tove
a60aaf96-9170-459f-af84-f04c70408953,Anna
ced794dd-03b0-4812-b091-6f6102ed552e,Lena
58c9398f-85f5-47e5-b4c1-d4cd46bb44d7,Susanna
b996c575-69d3-44eb-9b60-8f011b7c7040,Tuva
8df9c5e6-11d7-49ab-90fb-72b131143fb7,Gudrun
13f74d73-af3f-482d-b1d3-e6b52d3af75c,Gunvor
9a366ea0-f177-42f1-a64e-7453bfd574f4,Iris
5aa5f782-5092-4054-9df6-7f743aa75c01,Sigrid
a7ce427f-0dd9-4e6d-83ac-c386c27d832b,My
de0dff89-fff8-4dfb-b3ed-d6fc19e3dc99,Lilly
a2845313-9442-46e9-818f-03c509363302,Cornelia
73b7b40c-988d-415c-8ae6-8cc8fa756ee7,Tilde
738903a0-4656-4830-b865-4f62a7c9a056,Karolina
05c15466-50e9-4191-9751-1b081fabd3ba,Annica
fea8edba-22fd-4def-925e-54826e6cad6a,Gabriella
39c929c4-52b8-43dc-bdaa-0f669772505e,Elina
0749cece-01a7-41dd-b95c-fc78fbfd8cfc,Mia
2de0078c-ea6b-4f87-b9c5-e8f6be1f9089,Charlotta
4539a605-41be-4477-8c75-145cdd397dbe,Ingegerd
4a6403af-f47d-4139-a16b-7de4a8bfabf5,Ellinor
555f58ba-2485-453e-b556-c2f6693a784e,Tyra
ec6f6d25-e3e3-4f66-b2d9-a04da531d915,Carolina
ccdc7860-84c2-4a60-b4a2-96731146af8e,Thea
16a3fdd6-fa04-4e52-b919-6fca3bf39104,Marie
40282498-b6e4-410f-936f-6adb7c7d7e4b,Louise
1d0da1bd-66db-46cb-b22a-3a2ffed1de43,Maj
0f57ac21-6186-4f25-b5f3-cc4706f65b1c,Britt
888445f9-285c-470f-9dae-abff2e7755c1,Annie
00b2e1e7-0041-4b68-a9d4-bbe79fd5ef24,Siri
0828b12b-885d-4dc1-88b1-07b7d41629dd,Ann
960c4481-c121-4a8c-b777-08f2e32f01d9,Christin
96cb2ad9-9a1d-4f7c-a057-a12ef4ec98a6,Lilian
328ed262-480c-4ecd-b23f-3f65caf3ec39,Magdalena
62a78089-a048-4eca-82f4-3e7e923aa592,Ester
b7a9bf90-60ce-4ec0-b21e-9d4db51399ff,Diana
49da33db-0d77-485d-b7ea-cc6a79711a1d,Ulla
2df58395-74d3-4c7e-9419-3d10e21b4e49,Britt
229491f1-e78f-46e0-9cdc-3a0421e15e1d,Ann
428c70a5-663d-494a-b858-3d4e47dea88c,Marie
cce8e0ce-c129-4c58-86c1-52f93ea39d0a,Viktoria
02133a16-85bd-4e20-8882-330503ce397a,Britta
0d972704-3a74-42af-857e-f5aa8da4e41d,Ronja
560627b9-48e4-4873-ae65-ebca252b30eb,Ewa
f3bd68cc-c9e4-4247-b569-ed98204fb4b6,Rose
cb7ff18d-ead8-4817-b2f2-ad02bcc77c83,Marie
91287da8-a11d-45f2-a7bb-859eadd17f6d,Inga
3d206976-6c7e-428d-9d21-05aa87a03c67,Lill
1298dae3-eafd-466a-8503-db2710901d4b,Fatima
8a97ff12-46c7-43ce-86b8-cce707d3c7e7,Natalie
5da1cff6-8ab9-4b06-a9e6-e801f358e56b,Carin
2d874310-c615-4b06-9eee-ab1321c7f0f2,Mathilda
fafcd039-8656-481e-9dd2-cbd958beb72b,Liv
2721cfe4-a374-40f6-850a-6cb47401233f,Margit
39c82549-67e6-4580-affc-43d5af850b19,Tindra
73bc38e8-2310-46e2-8dc9-278f1ec9fcdf,Ann
74667f3e-769f-4a54-8034-ad8c8ddbf946,Sofie
cb24bfc3-8a90-49f0-9efd-79da1ad57b65,Lova
1d99ac4b-f023-447b-81f4-2182ec4accf9,Nicole
b518e763-74f8-4d8d-93b5-6c2d78790d48,Kristin
f77e61e0-4a0b-4fe5-b8ae-7eca8af57ca1,Jonna
cab132e8-5f80-4190-bd37-c5a25e7f9ef2,Catharina
47b4294f-026e-4f57-a916-c84ad84eb30f,Eivor
31faa234-4cda-4e93-9271-a45cc18ba559,Madelene
11287969-c87f-4b4f-8d22-45e1355f9ace,Andrea
0e58c5bf-6c88-42f6-bf79-a5fb48760610,Elise
f602c7d4-3c8c-4435-b369-d3c7bcd253b2,Catarina
298fe386-74db-4bd7-ba1e-be9d05e425eb,Svea
a5147f21-10fb-44fe-914a-c6726b3ff6a0,Erica
d9e5b6af-78d0-4e2b-8236-368b96be50d2,Greta
d160ca31-f550-4b70-ac5a-1f8051ac7cf9,Bodil
5aa9387f-0734-4083-9f5b-cc79de278899,Hannah
ef29b827-4f89-4422-9cd3-92230207f51c,Lillemor
f7a5ff46-a708-4b96-bbf4-1ceb376b63e8,Ellie
a4116165-a268-45e8-bbc5-8e420abd9462,Sabina
674b788e-3366-42a7-84a2-0c65aac69d8d,Carola
a8b2551a-4e35-4b0d-936a-aa608673cd2e,Maya
21111efc-e1a1-4faa-aee5-adbdea49047a,Hilda
0d3f3ef2-10c2-42fc-ae75-a62ce8ca29df,Ruth
a5ffa3ec-d313-4058-9e84-ccb3659e91dc,Gun
a5640d01-31f1-4cf5-bb9f-f515e919571a,Britt
cbf5cef2-d8ce-4db7-a8ce-54f9fae598db,Beatrice
a4b13bcb-c129-458c-8ebf-7a678d312586,Emmy
8c12f948-160b-4ca4-9c11-1579d283c239,Anne
2b46e238-6080-40c3-a65a-2a02c586545e,Marie
d8016daf-9383-42e0-a99e-fe93ac3d48f5,Irma
9ca70a08-d5f8-4b3f-b90c-fffcf3928791,Doris
fb067997-f397-4f25-bf40-411f4ac439c3,Mari
e1931d56-445f-472b-8054-6cdf91871e47,Christine
b31238ca-e564-4479-be77-fff848d6b6cd,Vilma
24487bd8-16ed-48dc-9eb5-85a2c122e3bb,Therése
d37b18d6-1011-4668-bbc4-172218d2f4fd,Ann
c4460fad-d819-4556-9aec-765aadca7eca,Britt
c5205965-6fda-469f-98d8-42906347e8ed,Michelle
9a81c27d-8609-4751-b882-6a38fe98308d,Edith
fa0b0680-d2a4-4da1-bb52-1666c5accea0,Laura
1a5bcf0f-e7c5-45f5-991d-599595d1269a,Lotta
affcd267-16db-410a-8bea-88a0a2526d26,Michaela
b230b2f1-d6f5-4ac6-ba75-e11d9003ccec,Helén
61aa9c11-e5a5-4294-8750-f839d1c7f922,Maryam
87ba1a6b-6f50-4145-af83-a50ebfd5a9e0,Mira
7f857d36-07c0-46f7-a184-d5b532ebee43,Melissa
99335344-9172-4c36-9661-22dcde6b8abd,Evy
b79f3ed5-e577-4647-a336-c49376f6eead,Meja
b808d051-7b98-4c5d-a18b-99d0364ddeb5,Paula
7d6f6cbb-7cc4-4379-a70f-1c39cdb79be2,Sophie
4cf96a8f-cf95-4ac1-a348-f9ff87f5ff4e,Ann
297a1bd2-b8e6-47f7-9728-3e36284b4e89,Kristin
dc15b527-904f-40c0-9bd3-b0b56355a268,Mariam
470e0dbf-bbd9-47cf-b4e5-13642ccec08e,Thi
140836b6-556d-416a-b30c-fb338d05df15,Elsie
64f99254-a6e3-4e6a-b841-7049a0291228,Aina
5fcb8dac-d7f0-4e57-892a-fadf4b1f7129,Anja
3e40db47-aebf-474b-baf7-3047b41e7052,Majken
f726cff1-afdc-46a2-9967-7876d17441a6,Isabell
31c2357e-58ab-4b17-a180-3fd98b430ea5,Inez
84295430-bff1-49f4-be0a-c624f396e1aa,Elena
32673c74-b59e-4240-baea-e920699819b7,Marika
05d860a2-2413-4ae2-9189-5fa1c59d2582,Patricia
45ffea8d-db59-4cf9-8c4a-6855936c0247,Hedda
65972d35-b774-476d-8b7d-8f6f3a742a57,Minna
303642f8-a1a9-4c26-9862-7dd14ecaa50f,Ann
3750ba80-1ac4-401e-9d8f-4ee2eb7cc868,Christine
e763dd8c-1c35-4db3-9ec0-f4a3d3fb23aa,Harriet
0c9e183a-ef65-417b-be41-639b1930b9cb,Mary
02ac33ac-932b-4846-813e-73fddc441815,Viola
763df99c-e327-4b69-9a8a-f0a0ce41f859,Amina
80825e97-cd5d-4b52-bc9b-82ac4c00a906,Lea
3398d0cc-5f7f-41bd-8d30-49aa85945a38,Nelly
0848708d-fbbe-4989-b8b8-8777f93d4052,Ines
29fa305c-7e03-4fee-a113-b15c80fc16cf,Zahra
131f79b9-8902-4471-ab63-f5f149b1e728,Paulina
98b1a6de-6ea6-4439-82c3-97263f6cb8d9,Gertrud
6d7cbac1-5a75-4305-95f3-30bc97b82a21,Livia
36024c64-ec13-4085-a71f-e869c714e2a3,Hedvig
3c72c274-8b9e-4a8e-a8e9-5700204ce4ed,Joanna
03ce5535-40ec-4459-83d8-8da06aed94d2,Brita
d8bf3cfc-c6a9-4984-b4e3-2261bd2503fe,Ann
4271f5a7-82e0-4eb1-baaa-4281a5d12c0a,Louise
39a37f08-193f-49d9-9449-859b65822ac7,Ingalill
9df32405-eccf-49e0-b364-2b2080ba8b1e,Leah
bfb1b38c-dc40-403d-96bf-8f104567b2ac,Jane
cfd34e1d-23aa-4d81-b7b9-893296d94b94,Vanessa
f8f3c630-65e4-4a83-9089-dddf033c2a2e,Jasmine
f51babca-25d9-41b8-a9f9-8d115a5514c3,Sylvia
f165250f-153d-42cc-8a73-4a2d78c84208,Liselotte
06388cc7-de43-4439-a914-470548af1db3,Rita
899923e5-d258-4161-9359-ac0c43d5086c,Sally
f35cd323-99cb-4cee-bb99-e13fb2d6ec7e,Ing
e70a17c6-7ed6-483a-9be6-ccff26eace19,Marie
bc5ac33c-7716-449d-92cc-d7144a91aa31,Olga
cebaea04-8ede-4473-ace0-5b66a69f2b2c,Margaretha
6c4b0b9b-2ff0-472a-9060-84cb48a9b8d8,Isabel
f8a29a49-deee-47a3-8aa6-1cc091b70ac7,Miranda
7b524698-c8a7-4cec-9291-8b65a440037c,Sophia
317b6943-c852-4b5b-ab7d-7b9f391f651b,Christel
5f44a5fa-437c-4227-9e1a-34ce106f8c64,Ann
e2d14b51-6680-48fd-9543-19c2b0eb0a57,Mari
c07ce7e7-18db-4d11-9bec-f9058082895f,Amelia
60089180-cd22-4d7b-93ac-788de23baafc,Ana
b48e29f9-6e2e-4074-a97a-2b9eda322aa8,Tova
69f42deb-eed5-4669-bb60-9e5a23a74145,Lily
ff036e5c-3377-4e39-9fe6-5dc49675e1f2,Melina
31756eaa-b1de-4046-8f92-d192ab1417a8,Leia
5a8d5fd0-619b-48f3-9286-e81d6a6c0277,Esther
6c186db8-22b6-48d3-8acd-b56cd66415fe,Eva
6d70f0e9-e4ca-4835-8ba8-42380353b0f7,Lena
28d266f7-ecdd-4413-9d45-f1095214838f,Bianca
269f12df-1c12-4591-9cfd-f49e08150802,Asta
bf656248-d3a9-4a7c-8365-e2296815848c,Mimmi
0cc8e0d6-1ec5-4516-a635-77ab33528695,Vanja
edbc1e08-7e73-4292-ad05-0dfb42c2b778,Leila
c91a1a7d-2720-47e5-80e7-23bc3f51205f,Nadia
abe8d06b-6b7c-48f7-874b-f54744b2890e,Liselott
983e2ae4-520e-443d-8426-0357f4e3ba7a,Karina
c9bda460-de8c-467e-a46b-f9537f2f1dae,Josephine
7f163cb6-e79c-4cdd-b508-38a2f7b66b6c,Gunhild
f14ab254-783d-453c-9518-5f38c63c9bfb,Hilma
faa0f475-0d8a-4716-bc47-e6694f2b9ab3,Natalia
11f50510-7fc2-42bf-ae7b-2337dac24643,Juni
9e08cbb9-f594-4597-9af2-1f1152224756,Ingegärd
1350106c-c9ae-4639-bd64-7f3bda6e739f,Kim
8a57bd7a-0896-4a8f-a02c-cb00a5c1cedb,Miriam
d7f87cd9-77a3-415a-bf66-83e795cc2151,Marta
5e6c2b76-28d7-4682-8e65-d69cd96a0626,Heidi
27d6ab9f-e39f-4c08-bec0-e1c4c4f99abf,Alina
2baccd06-eeae-46eb-9f4f-8651415b1953,Heléne
f4beb5ca-9841-446d-97a4-c93f89760c04,Katrin
a95c6b20-ec5a-4143-baea-403f6840b6a9,Angela
9dd0b3a7-4532-4bda-9680-78cea80df4d1,Samira
bc6eccd9-5473-44d1-9e96-222aace4054c,Emily
2e69f237-9bf2-4fe2-b7bd-7d9c10929938,Luna
b06a763b-2c77-4751-818c-147d1a55a122,Lisbet
49e9d142-8fea-40b8-ba5f-6975608f6329,Vendela
ca62c20c-6acb-4c39-8d59-97c14e92a377,Maj
255a1306-dea5-43da-a149-10a7d0c62e6c,Lis
9541302c-78de-4376-bd66-b03674d3b602,Marlene
975bcb66-3761-4384-93aa-6b2741ceb743,Iréne
be9ad345-15fd-416c-bff2-6a3517d394d2,Inga
133308c6-ca4b-43e9-904a-63ee60e7f2af,Britt
30edec0b-f20b-403e-bcb8-756a219ba581,Daniela
6b86f58a-45be-45a1-9651-9cb230c59b3e,Stephanie
8c11383c-ffd1-4a65-ba04-4cd4cfd4aff8,Cassandra
18c571fc-3b3a-4a1e-b1a7-af5de3c563f2,Katja
4766a3f5-99fa-45aa-a62c-4429c541b6e4,Ulrica
9ba3d004-ad3e-44c6-96e1-0a84e4c5fa16,Lykke
4239e953-1717-4900-a2f3-0611444f8f59,Joline
aa02ea42-0a1e-4baa-a2a2-a91c39011c02,Barbara
4240254c-ee25-4665-9be3-896f86db6c84,Angelina
5b670bdb-3049-4003-9155-b8faf9403131,Ann
6b44fd88-08d4-42b6-9add-7d3af365f73c,Sofi
68274a71-b62f-48f0-8182-9aea6ebf84e5,Nadja
80865238-e3a9-4c7e-ac48-518e179f7fcd,Susann
7c9f07bc-09b6-4e57-b9b5-a49989cf1c38,Lise
417f6e91-c583-4409-9398-e9b023c4d4b0,Lotte
e274ea97-a26c-45de-bddd-f7e269e6879d,Daniella
1bb88578-86fd-42ec-a258-63c341d9f1ea,Veronika
0b1a355f-119c-4810-9986-ff4a521edd1d,Claudia
c012900b-556c-4c9a-a5bd-e4dc838e9194,Gunborg
6031081c-fbce-4c30-a971-def15e5f2474,Tanja
0e0f1ca2-4e9a-45c6-8d29-2ad8eee7b9c2,Catrin
42655f3d-2bf2-4b5a-a012-d4539f29ac36,Denise
7417c3b7-365d-4b52-b492-6b01570a8f27,Ing
02fe3511-14d5-4247-86b6-8b016a35c84b,Britt
d26f2f0e-6e2a-4a32-aa1d-629ec31c13c3,Valentina
0f0a62ad-c730-4805-a587-c30622acc869,Mila
70be4952-ab9b-46bd-91ef-58ac94aa89ea,Nour
ddec6802-f4f0-495b-87a1-e389fcaabd54,Yasmin
422d9f88-887f-4ed3-98ea-7f904cc897c2,Aisha
41d7a99f-5e53-44f9-9e3b-ed5de8bdf417,Ragnhild
62fd20b2-0501-4b71-88af-bfb7728c5de6,Åse
0badeced-466e-40cb-8c3c-cf93b0bf1f61,Julie
f45b6da3-a431-4d45-8aa9-ebf8bf086401,Celine
7c9ca4a0-7f92-4d91-8a09-e2279a597652,Mariana
46e7e3e4-2d63-48c7-b127-b7563e8dc91b,Elizabeth
71eb1a50-6426-4c92-a213-ecfe559e35c1,Elsy
174a167f-5048-40bc-9c2d-bb50ab4889a9,Amal
b94d162f-3d87-4f0e-8e56-2b93f63c4612,Hjördis
a9364bba-027a-42a8-a0f8-1d2e82cc7440,Suzanne
c3bfabb5-79d1-4b4a-8ccc-6bf102568ea9,Aleksandra
e95bda42-f8c9-4b5e-9ceb-3b7c2c691ad2,Amelie
bb2a2f52-c83f-4530-b480-dedf4e5d5c7c,Amira
754203cd-68c4-40d9-a070-069831119d4b,Edit
917903ac-3d32-46ea-b1fe-d1e90fe26479,Britt
d4d70981-8d61-401d-bcb5-769571016f61,Mari
85e5ef35-bb65-4a09-a441-3d19642cc3f6,Lovis
68434b3a-1fdd-4d9c-91fd-305c2fcc26d5,Emilie
08c9df84-f438-4511-aa87-f3cd6f1fdb7f,Isa
bb5f118f-bdbf-4bf2-94a7-fbe4abc53c17,Susan
8869f422-a01c-47a3-9ea1-d6c7a183c3bc,Milla
80673858-c499-441b-b5f8-aafaf44fe0f5,Lara
808f5a78-33c2-47fb-b1d4-7eee43075942,Elna
21730d17-5990-4560-bac4-f025e7a29bdb,Lydia
94c5989d-5a99-4fb3-8cf9-c91a240847ed,Aya
a5124ee0-669d-421d-8081-d227a0e6a019,Margot
d504fe3e-e21d-4314-ba33-6b3a2a7abd11,Terese
a0d2bb9d-5454-4324-ae78-c3a72b8049a5,Malva
da71a804-20ab-44e0-a33c-322bfd2ed886,Bella
91c33586-aaf7-4fcf-8e6d-d1164900065f,Hillevi
a8ea68b6-dc1d-4a7f-bbba-31a3183f7c82,Elly
75319011-1600-4328-9b68-ff44b106062f,Jasmin
3d35a77e-c164-407e-9d7b-d59c9a93cb1a,Teresa
531c669a-9bc5-40ef-9a56-c5c12ecc71e2,Cajsa
83fe10f9-4042-45bb-ad1e-6ed67906d12c,Jill
365dfc6b-62ef-48b8-b00e-d748428e39f9,Iman
92eec0ad-d84a-4539-82df-4918064fdbcb,Mina
ac69ecdb-d97c-4b9e-b175-df962829d47d,Rigmor
00b094cf-a2c8-4f0b-b9d3-d5503cb6fc8a,Elvy
88c75697-c4d5-461f-8450-02b77d3604e9,Anna
17bdb7ab-20d6-424b-a85b-9e49d2cc8eac,Maria
bac298cd-84a2-4901-8e91-f28ec057d422,Elma
7255cc46-cb1e-4777-9b39-ea7f5363b427,Beata
2f5c0b73-50b9-4270-8486-f2b3a0ffae4a,Nancy
dc656845-8e31-4b3b-81a9-a347e24cab22,Aida
c0eb497c-bc69-44c5-90a8-78c141e2cd1d,Zainab
6ae2eb8f-1560-4d87-b43f-f83922e54563,Lana
037a8cbf-f4bb-4733-be97-2ec011e1584c,Ritva
694fac59-2a26-439d-817c-9dea9117d9dc,Janet
75de31cb-e199-4128-9d87-e139993ce06d,Irina
cc0d26a9-2a38-4f69-b254-5929a6348890,Lo
a599324c-4627-4f69-ba04-7e0db74ff6cf,Ann
63edcf76-da4d-474d-a362-ae77f7ff43b4,Charlott
88548b51-ae80-47a3-ac42-89de89a2594c,Christin
24d2ae9f-759d-4e09-950d-a4cbfc44ecd1,Majvor
706e402b-46fd-42b8-8a12-ff0b4a1fc8c0,Cathrine
f6acd428-f511-41e1-8244-e162caae4cc8,Hanan
36e208a6-f05a-4b7f-b692-924c748df532,Anna
d4d427b8-295e-4a16-b3b1-ddf639248483,Lisa
ca02645a-033d-490e-bded-af64a01c504c,Katarzyna
1056e24a-afdd-4ae8-98e4-e3bbb947fa3e,Ann
e2da7489-237d-45cd-8f77-93230136a88e,Katrin
38ed39d2-b245-4c30-b63d-811b1e6aa701,Rosa
7328e996-9b43-461e-af3c-1657407539ee,Ingeborg
6c4c5128-2577-4a6d-8494-c753415bae57,Nada
07f2322d-2487-4fbe-8e07-89b5f48febb9,Marija
3512c77a-7918-4edb-811f-a29456caa235,Simone
2f39d9c1-b1d2-4c83-91bd-d8d87edcc623,Melinda
ffa4b17e-ed87-4bcf-8a17-e6c892f89565,Melanie
e409ae78-4b6a-4a94-9c67-a492f29aad45,Tuula
821979f6-1738-450c-b226-27fedcdde519,Noomi
5d7f865b-a55f-4316-9a0c-bebe840ce959,Lise
4bd2b0c7-1894-4e5d-89ca-940c3494a473,Lott
f4fd0fe9-a857-4c59-9cd1-067aac9343b9,Dagny
f99e6e0c-ff17-4d22-950f-8bc83a10285e,Eva
119e2262-3621-44fd-a5d7-c887134449ab,Britt
0b9d100c-2873-4de3-b753-e9e205bfc931,Fatma
f64bae8a-54a0-4e5a-9dad-1c0ac3bb086a,Eira
3ea78e07-d178-4b93-8cb0-914daa92814c,Cristina
a2a5556f-68e7-4eb9-85f6-7bb4f4616486,Mariann
15c424bc-2afb-4d5e-8741-8c1ca3824082,Pauline
c084b065-9563-4db5-8fbd-f7c6856ebb68,Noor
bd344ee6-7fd0-490d-9e9f-b53a1d7bc4a4,Izabella
e6381f2a-a1e4-49e7-91c6-fed5920fce40,Anna
116bcf49-e3c9-4e78-937d-ea8e2df3134b,Carin
95e51027-9431-4752-b071-d2a9ce41846b,Engla
96ae30a3-a64d-4f32-8734-4cc2f6ec5397,Emmie
2982dd04-d268-400c-be3e-57a308718ef1,Salma
227a3b5c-6ef2-464a-989f-e931e65dea47,Smilla
9aa494ef-15b2-4396-ab44-3cb1ada11ebb,Gisela
020fe00f-3c9e-40b4-965e-770ed69db7ac,Britt
59b8b410-588e-4670-ab27-bbfb273b9506,Inger
5abb8839-eede-431a-bb61-7d7bd1d90856,Elinor
e2944ba5-3137-49c6-87e7-60d02fe3a447,Carolin
604680db-a828-411d-ba1c-21e99231796d,Jana
2db660a1-9820-40e9-8218-1ffb81c2767a,Dagmar
d1635789-5c4d-4993-8ffd-7588d9e912fc,Evelyn
18c751fb-5e45-4a6f-b09c-30e235300602,Marit
ac3b052c-9051-40e1-b116-bd97016f59cb,Leona
8f65e7af-fa6a-428b-ae8a-f0384a283604,Boel
ac21d352-f67d-41ea-b616-2cf714e55995,Marielle
fa28e7bc-b66f-4fb2-a198-bb4257febeac,Leena
fd10cbfc-07a7-4e2d-9d6b-cfb301f27761,Sonia
95ad7d82-436d-4d33-b423-8e8b992624b7,Angelika
c6b036fd-3560-43a0-98e6-dbf39ab07e8c,Tea
1bb95d1d-09ff-4212-8c74-18a2be4c10b3,Fredrika
31d7862a-4293-43ea-9319-e54fcba30737,Marja
8fc7dcc1-f206-4df7-8cbb-a433a69406c0,Agnieszka
f2251339-8bf6-431e-9f52-adced424d241,Hala
dc81bc69-424f-48b9-a342-7360777198e5,Elisa
bd9810bc-e766-4f56-abd8-c2ce669c7af3,Jessika
caee71d5-83d0-4cbb-b994-87f43b7ba251,Sofi
a5c5bf01-dd1c-4be4-a6a5-edce2933d3af,May
a63405ff-214f-46b2-b6d2-4b05a2af84ec,Ina
988b8717-e7c2-43e9-b54e-9fcf6101fef9,Viveka
cdd8fc9c-914d-4d5b-9ca9-b65571e1201c,Eva
afe90a63-42e3-434f-aabd-101b1c0f895c,Lotta
eaa8ced5-7b99-48f3-911d-04a10dcc8bdb,Antonia
d7e1165c-ed79-49d5-8f96-b025b93c494c,Li
aab80a6f-7ad1-44c6-95b9-e74b08c90f5e,Rana
be1098ff-758c-482d-8b5b-8d9a20b16e53,Regina
56959d87-f8ac-495f-99d7-21155ddb81a4,Tora
9abfa174-43f8-49bd-a3a3-36c610706301,Judith
cab43328-6aff-4ab4-96aa-b9a55a5f2a91,Pirjo
0ad256b8-f130-4b1a-a272-9b28c9f3b85b,Eila
69f28838-3115-4da7-8545-982de2f503af,Jasmina
008494ae-00ed-45e5-83f7-cf87d161c9f1,Jacqueline
6383c1a4-0c8b-4c4a-8b57-babed40073ce,Helga
cf3c6a28-d1d0-4305-bf7f-69f6f79867ac,Gunbritt
3a79fbc2-4e5c-46f8-bb42-413549dac2db,Disa
572d9814-4c75-46d5-8fef-3e4a3be31a4e,Idun
7a45a055-6dc3-474b-8fe8-a82ad0f9f912,Gabriela
a7e7fefd-6f86-4226-8402-a761f4b2478a,Katharina
d3c24807-36f8-4df8-8092-7c4e14cbd2d8,Eleonor
800d4cc6-b700-45c3-a9f7-5a139fb3cb42,Fatemeh
222aa41a-12a8-4cd8-9ef6-444822a9c822,Gull
389c5c34-a7c6-4a78-a7a8-da66d2562835,Britt
143686ee-8962-4fc2-925e-2be01274098a,Gunn
4e13eab5-1dc6-46e9-b44f-742f29cb9f26,Jelena
cbe12496-5461-4a32-8e10-bcea6b2c09ac,Josefina
49b9c0b1-73b2-42d0-912b-0d9325fee118,Ethel
cbf3543a-99a7-4045-ac7f-ec9365c910d0,Malgorzata
040cb656-ac0f-4a9e-b504-79864507be2f,Aurora
5b2bc83d-5043-4c38-a406-39b329f9b8fc,Anastasia
9d1921fa-a795-40f2-b6a8-b2828f2731ff,Nike
f153b898-02cc-4aac-b1f0-df55f4b95d8a,Mirjam
305b6e52-014e-4d94-a2e5-f476d84b113b,Hana
47f2c14a-e222-45ef-8c38-ac20b8802d3f,Tarja
72b0d853-8648-45b5-aaa6-600cee4735d2,Liza
34ca3ebd-4e7c-44a4-8ea5-9d16d4171406,Dina
91d34672-8b4c-4ed4-94d0-f5afd5b88c1b,Ilona
c232de45-b3e1-49f0-9a83-89fee05753fe,Naomi
cae15416-617e-4d86-85f8-0d87b2ad8d91,Svetlana
7d622a19-da85-45a4-bda9-eac5e96cabe2,Emina
fe986a60-27a8-4c6f-bff1-882a6ab322eb,Sari
96686089-39f3-4238-a4e8-c64769865c50,Marwa
933bfe69-1fb6-44f6-93e3-53f33bf01b83,Seija
f5bec847-42b6-45cf-bfc6-c6fef5f9e6f2,Zandra
a84c3e42-7ea4-4980-9d65-0cab5e651034,Mollie
ae0cc665-5972-4330-924a-6986d4576960,Bonnie
8b7ac481-20d7-4235-a4b8-3a73867d1b2f,Carita
9d542a03-137c-4b40-8b11-b3a99a5763a9,Estelle
5fa7721b-232d-4c2d-95d6-98839c462e2f,Ilse
f0919539-413e-443d-8629-a3574a34b9e3,Erna
aebabf8b-9090-4fa1-95cd-1c8e9639b3f3,Muna
30076d54-059a-450a-8be1-7a289249b10b,Line
54fa769e-9fc8-4bd2-9847-ca2ba526d1d8,Rosita
064b7ed1-65c5-4028-a7d4-a5a9e3ff83d5,Desirée
ccc0e801-cd0b-42d1-94b7-ef1d0c8f91a7,Vilda
04a245dd-efad-4db8-82bf-d96076c87175,Khadija
ee297992-d72a-4752-b238-5da8518bda79,Eleonora
fb1e87a8-cd10-4b0e-9d97-65e46645c854,Silvia
9addc53a-ba08-447f-af32-6a651e9be4c0,Vega
bea3908b-286c-415d-9c2e-287f1fff4ccd,Sahar
8e189549-4981-47e1-bf8c-d72c836cee28,Tatiana
a347002c-b9e4-4ad5-90c0-b16015d0888c,Adriana
640760a9-5cb5-4115-ae05-3320f73b1a6b,Jaana
ce8b9cc3-b080-4bb7-a712-fb7ded282b7e,Alaa
b1d66b00-4794-49a4-8a5d-87d91674b68a,Solvig
4049fec0-81fd-4901-a675-7facb91b1deb,Embla
a91a770e-5e8c-45a9-972d-60fffbf9f883,Naima
d674d00e-64d6-4bc7-b668-88dd6f536742,Novalie
61e26bba-e975-489e-92eb-2b5550f7fced,Cleo
cc9b1ad7-533f-4a0a-8459-0f6752c2fc6a,Penny
c2ca8703-ab41-40a8-8771-4890480e690f,Betty
4ef82dd8-0a73-46df-94e1-cbb7508dcdaa,Pamela
9d0dd76a-83cd-4dd5-a55c-464e9b20df77,Raija
b996fa21-f026-4c0d-99a2-4320f7688947,Nikki
bc57f1b8-9c18-4db1-afa7-6c2dde594049,Tamara
bee92f18-006f-4da4-9944-ea9910dce40e,Zeinab
b40fd800-24ba-4804-9b55-d65ff64e10d2,Fadumo
048dc9ea-b709-4de0-b754-d40a3cb40cc8,Else
635340b5-ffff-468c-a085-135f84d60a0f,Carmen
8028576a-c3c4-48b4-a58c-ca8e606a0793,Anna
b955a790-f721-483b-b45b-516d182cb497,Greta
8264a195-e1e5-4e84-86f0-c4eef995a79a,Hailey
94d47374-8ad2-4a76-8854-5ef30a57c64a,Wilda
730cc243-38ac-457c-81de-226ed25e88c1,Renée
2ec3f18c-ae38-45c2-aeeb-7cb2def7d0fd,Huda
d60370bd-ceef-4355-b801-83324dd7321f,Sirpa
fc305e88-d7e9-4ac6-9120-470c1dba9c06,Catherine
eeec4c80-f16d-4036-9d3a-b48021bb1420,Mirja
0d8ac629-ebf6-4a25-b5df-59467ab16bca,Amy
760461d8-c9a4-4f56-96e5-0f1b7a6060c2,Leyla
9572a6ea-716d-4b97-83a5-bb1168172a9b,Riitta
a75016b6-6ffa-4d8d-ab8f-029f60895ae2,Malak
40f642ba-ef3b-4b16-88ba-4c1ff44d824c,Emmelie
b7a60766-f92e-4394-9e28-2354c3821efe,Vivianne
625c509a-1769-442a-ae1f-39bae096e475,Rania
a58301fd-412d-4763-9efd-f7a2d6967428,Micaela
1204cc23-b1d5-4a3a-a081-50ac7da8ea6a,Anne
9469aefb-fb3f-4e98-b76b-29ae77107a82,Charlotte
846f0c4f-bc05-47f5-81ad-26ff0e65a813,Eija
7e025ad5-7653-4b2f-8a41-bc44ef2c6809,Ingvor
9c1ba998-9d9b-4dcb-b983-901e7b49fc6a,Viveca
29d085a8-d53e-4310-9af1-ca7808d1b901,Enya
055502d4-8b49-45fd-b9fd-0a1a86afc3ea,Farah
c57b5aa8-37cf-4c4e-8723-680167e620a4,Lejla
eb4e82c4-b4fa-47aa-a229-90780567ceaa,Zara
07a571e6-bf54-4896-b764-d8580f216b79,Manal
47db14e8-1478-4dba-acfd-7df9de45f30f,Eva
aac91b98-e25a-460b-87fd-aa999da4fa6c,Marie
975ad138-7d32-40ba-bb09-a67339272b78,Janina
24cbad74-ab7d-485f-9b5a-cc40cf7baecf,Vivi
490ea307-03a9-4ade-95ad-df42b2255bf8,Hiba
f8600931-4afb-48ab-bec3-6d3e3dbe4969,Alba
6f346850-afbf-44eb-9241-a26d72997b99,Catrine
3d529d62-082f-47f3-b1ca-e8ee3b29838e,Tara
ecbe01eb-5e9d-4a50-9876-bbd1051406c0,Ava
f6e56a0c-73f1-489f-b92d-acadfa1b8b61,Jenni
ec24e303-b43d-454f-b4f8-c2745ee948c3,Madelen
95e2c887-39e5-4c68-a5a0-da4e1b2765c6,Flora
13bf885c-e25a-46a9-a02a-ad0f1338e345,Gulli
e63c1fd2-2c9b-4377-8332-14ab8f73f682,Anna
2c3410cc-b5c6-464f-895d-e2068dee6851,Karin
fea83de6-8387-4136-9602-6091ad9cf0f2,Elzbieta
be3c2d1f-3c31-49d7-bcdf-8efd03cf42e3,Freya
167406d1-c7e0-4d00-a0ba-09f1be425d4c,Maha
22c74a27-85cd-4de8-b0cd-413d631ec670,Liisa
fb6c6b0d-0f4d-41b4-b604-407f632da417,Kersti
e946bdc6-9afe-4d44-a302-5fdd23ca58b6,Sabine
1311a217-d060-4479-a4dc-eed352fd3165,Aino
bbbe8718-33b6-45d6-855c-11ac811f03b6,Gerda
1a18b500-d542-434b-8ed9-750459d7b735,Adele
b1c64aed-747b-4eb5-8737-7f00c02f8ceb,Britt
0feb7259-4854-4834-a828-710db2da39e8,Louise
ef0231ed-7058-433a-aa38-c29fb349e8b9,Pirkko
da33b419-d78f-46b3-9489-a80b2ea56aa5,Nanna
028fb0ea-4014-431f-88c2-96d52a3e3bb6,Ninni
b792d7cb-eaf6-41cf-b94f-6103cf2c9c39,Lisen
47e636e1-f182-42ed-81f2-8da276d82ff6,Gullan
1f8a83ca-9920-407c-ac9a-519be825fe4e,Ing
dfda0282-76d4-47b7-8449-596b49117cc5,Mari
cc4ca111-6ff0-4c34-8fce-be54eba72e61,Medina
9e1b9f8b-9daf-49bb-9757-81d4416d2836,Ann
61e84774-951a-493a-a55c-da7e5a67b63b,Margret
1b2d54ac-2837-40f0-aa91-e31048f9b67b,Kelly
0b9508e9-0bf7-4251-be2c-3f394eedb7fb,Rima
2e04bf78-a570-478e-95f4-433a758f17a9,Reem
71f555ca-dfa7-4ca8-9d68-7f921f3621d7,Ivana
c98451fe-d5e9-4a0a-903d-fd2cb39d8257,Jolanta
465397d7-fcd4-4787-8e6d-ed88ecad4235,Lucia
94b4f8e4-d254-455b-a29a-42b8d67c4190,Asma
c072f587-ac49-46bf-91cb-b8af6345c371,Sabrina
37fe8986-e24c-46d4-9e65-06d50524d7f4,Lowa
80a379d7-cdb2-48af-82f3-a6213cc05d03,Yasmine
419c7f6a-e947-4f4e-9a68-1268dd8d80fa,Irena
e8a99c64-f380-4f0e-bb20-f40831050f54,Judit
acbe0095-ec35-46a3-ad06-3d12dfd1d8ec,Lia
994fed83-32ff-4fdc-862e-b2b6019dac7f,Gina
0766d7a0-acc4-444c-9066-66432ef0817a,Päivi
4b3a882d-bf0b-4dad-99fe-6864ca607a0d,Millie
75e30ae7-6b2a-4bcc-a2f3-7e1d31fa9e25,Celina
fa9e1574-1aa9-4eac-9303-96a221d273fc,Lilja
12a9e5d6-60c4-4bfd-a745-0824b88c9e46,Lola
e6ac2a13-9732-4397-9ccf-37d6f0803ee3,Majlis
6896badf-3a6d-4f82-9852-4b9bcefbc8a4,Tiina
d420f44c-c480-49de-9f6e-a31a3e649bba,Azra
0f7aaaa4-976c-4303-bc31-f2a7b890baa7,Ann
e65abbc8-4cb5-45ca-b219-de19a4c42e71,Catrin
b5728226-7ad6-4dd8-89fa-85a140e215c3,Aylin
92dbd14c-b89b-4a58-b789-e096adb48ea0,Ramona
d97bafda-601c-4d8f-bf08-b7620c969df0,Sahra
5d29981a-e7f7-4846-90ae-31ab1519f8fa,Ros
82174eef-d699-40b8-8007-83c704cab1fe,Marie
caad9c91-0455-40ab-aa18-f7b4d8224b60,Ingbritt
d90c9c90-8c01-427a-98aa-47666f826cf2,Yara
c2ee57df-cfba-4a4a-b6c7-0afab1978227,Fatema
670d22c7-0f69-45db-9193-dd4f79542c01,Izabelle
0e9d76ed-788b-4b49-8d04-fb13e3e87e95,Zoe
de0f361f-c5a8-461f-bcee-8a8a85b15ce3,Rasha
88a145b6-25db-458f-aed8-cf39c8f98993,Halima
4c7d818b-efbf-468a-bb2d-d74968d4f4b6,Dalia
2f31e494-2743-4027-b497-fafdbc8074b4,Krystyna
e352aebc-2f1d-48ec-bef4-94eda2a73354,Malou
fba16f70-3827-40d1-a7c7-a7e5df971ae8,Milena
1765e20a-1d9d-4b82-b00d-dc04ad38896b,Nadine
9b255c52-e627-4a0c-852b-aea3f1206a07,Vesna
09c27f30-807d-4251-b285-c27547d8b706,Charlie
eac15367-8ff7-467a-92c5-d0ca521439cd,Anna
5349ad34-bbbb-41da-8d19-ea927f661de0,Maria
7d071a7a-fc40-4a2a-9f03-0806f23c9d2a,Sana
083690ff-3d0c-4f42-b5ae-6b050959360d,Florence
dee1c51a-80a5-4cd4-8af1-7fbec8e0e0fe,Marion
a22940fb-f3fb-460a-b8a9-976ea463bc4d,Belle
b396ba5b-df27-47d5-92ce-ce55cdde9b39,Görel
615463d4-2ebe-4469-8b39-73574cf33e42,Carla
0a277e27-00a5-498d-b1bf-33e89d2d83d5,Karolin
03859ce9-e49a-4eac-ae7a-f828d097cf32,Anni
d1b7da74-4e91-4947-a57c-b98dad73e3d6,Rose
d5070595-f7e8-496d-80a1-1aa983bd6dc1,Nea
6c84c842-d0f8-4060-863a-c65761f5197a,Hanne
5666832c-8af5-419f-a368-3dc3157b8d03,Irja
20942d97-b6a4-49b3-ad4e-66f344926cfe,Renata
0444656d-d0b6-458f-b71f-ec044440e4ff,Gloria
5d9f4d63-829c-43f2-99d8-64c24d506cbf,Ursula
3979b953-2c41-406d-b681-d7c4d9f606e6,Elaine
1bc42142-9ce7-4c34-b1f2-144402908705,Lillian
75ceeddb-a828-43ff-8a0c-9a00345d57ee,Merja
7547d499-725d-400e-bc98-a189d8b3d7ee,Theres
514a2b08-be21-49de-9f01-7eab9119276b,Vivian
aaad495c-e4eb-4579-809c-2e885247aae6,Henny
33bdbe49-9d69-492e-937e-aaa744888fce,Céline
df28d09b-8b47-46a1-b8c1-dcd578c23036,Göta
a9d73a1b-0889-435a-bf54-04796cb32751,Amalia
5cfae363-a617-49a4-beff-af1dbcc80639,Vivan
9969549a-d38e-41c1-a6fc-0979435ded71,Leonora
2f3f1ac1-d810-4bd8-bc2e-c6db8e0f0443,Mette
85e6a277-78cb-4661-9e0f-75ed2acda8b0,Kristine
7b776a9a-8b3b-4245-8bd8-6aa195c04355,Dana
55b8d7f7-357d-452c-aeaf-88d8a9d37ed7,Lisette
a474adde-d6c6-4e45-8c10-3b544bc588f3,Rakel
e831abe7-abed-4ebe-9348-4350306bafdf,Suzana
9488c614-e6b3-41aa-a372-bc67702c85fe,Charlott
51361470-70a8-432d-a285-7881ca9eb231,Siham
b4afb98b-c6c2-4185-b9b1-737b7468bb12,Eleni
dba93d1c-b1f3-443b-a7e5-d03b8d52954a,Karen
a241a7b9-1392-4cd7-b361-23ad6df96727,Holly
1cc81248-df07-4cba-82d8-4793c03b8aea,Shirin
fa60760d-0140-48c1-893f-53e856adf890,Sirkka
ccda8b66-b167-4081-b8f6-46d2db62c266,Ada
05ce0f50-6909-4224-b1cc-9cf3ac2db7eb,Edda
bc2149d9-ab6f-41d0-a2a5-42a6bc338fa1,Sanja
a2630907-db03-4ddf-841c-7d7a197418c7,Vivi
5a3ff91d-a8f9-4c72-b8fa-6fd860438527,Ann
8f06288d-36c9-4f59-a8db-b2f1343456e3,Arja
d54a9d2e-130d-4167-a178-f95558e18b8b,Kate
54ca038f-66cc-4ad7-aea2-8341629e2f3f,Noelle
a8ade563-057f-4129-a88b-a4184c0e34f5,Sham
99756d7a-2eb2-4c54-aed2-5db45a0858d0,Vilja
9ea8b9c4-3edf-4b15-b32f-a8fec8be83d4,Dorota
332495b3-1a2c-482f-94b0-efc4a5f2865e,Ayla
b03bd31b-2dce-45bb-90c5-5b78e31d2ff9,Melisa
b0cdcd48-edbd-4e06-b111-ba4e10026870,Alisa
b991f290-1ee7-4944-96d7-1ea2c171efff,Cathrin
5c72795b-40f7-4a60-b05b-fd84055600c3,Malena
ed47f8ac-d8d3-409f-99cb-b4dfbc36307f,Samantha
e147229e-5d02-4db3-85fc-efcaee16ae9c,Titti
96b7cb4c-dd4b-48ee-9d8b-61f415c6464c,Anna
df48f1bf-2e38-420e-88be-4af1f5ca0fd2,Stina
e81da90f-47ab-4e4d-bdea-4126169b1ef4,Mirjana
d6522415-136a-4841-af99-d2a45aff448b,Margita
c2bb5276-1ec0-4c25-9179-9b019f9edb86,Martha
714e67dd-f42d-43ee-8fd6-00ab72ed07e5,Maija
fcc5cc6f-ebc0-4462-8004-778f188f86b8,Rama
59b3a9be-b178-4969-8abf-f30680fa78db,Thilde
bad60398-762b-423b-b122-97f0bcb38974,Petronella
7aba2f6c-cb1b-4403-a209-b8a0b448077c,Maryan
5a984276-1431-4df2-9818-3ec14dad524f,Raili
cdc7e1cd-a4ca-4c2a-a5cf-46466d51406b,Elli
169038fc-d14e-4a08-9b80-2da3b0995640,Estrid
c042f0d3-c298-4e8f-beec-3fa58e3c6402,Thelma
1d836e62-7739-40f4-b39e-7391becd04f7,Kicki
c2dbb161-6a3c-45b3-8c44-4e17f408abcd,Sanne
81239900-cc0a-4ba4-9849-a685592b21d1,Jamila
b0506b5f-c8c8-43da-a8db-78d7aeab6ca6,Ayan
2949d458-996b-4c24-9241-1b45a995ec11,Thyra
eadc85d3-007d-48c9-97bc-df0569e10717,Mariette
3db078e6-5a42-4d14-8228-d68dbfd90e31,Samar
928dec7b-6608-4836-9f64-6e415d91a9c6,Simona
e8c14427-a028-4656-ba04-0459a43f8d27,Lidia
b55c80b7-c444-46c0-8868-f5167ade0987,Tess
dd8ab70e-de29-4305-8367-7e3c4cbc318f,Inga
fe78d9c9-0772-49f6-a00a-2c8340f50120,Maj
794723bd-2701-436e-bc20-32372b506a66,Inga
6878e5dc-0803-40ec-8f51-190e4734aea3,Lena
607a13db-337a-4d47-806a-a2ecaf4e51b4,Junie
2b466c86-23d6-484d-82cd-063f29b1c700,Eeva
892f385e-afa9-44f6-907f-746b5365bd00,Aila
5093cf48-46e2-4b5f-aa69-c3ce1526e0bb,Theresa
b51a5b31-10b6-473c-86bb-433d25462269,Danuta
74be9cc1-3fa4-4e98-a791-a7e188c13108,Iwona
c8c784d6-aebf-4af0-8152-d5a19342b203,Natasha
7aab263d-cbf0-4f39-8055-e1fcb4719eeb,Sigbritt
8368cf6c-8cd7-49a7-823f-cc233752854b,Teresia
b8aa40bf-788f-42ea-92b1-a3b70c31a696,Meya
b59b4fbb-4933-4906-8be8-fe79a8fdc020,Anne
4cbea968-a5d0-4615-9ba0-70fdeab75326,Lie
9eb7b6fa-3b55-4d18-8f40-d23c9dd405ae,Karoline
96caae6c-3046-4b78-9f79-d80f3cd7d96e,Adina
1e0020d2-a884-4eb1-9541-9c3af84eb136,Annicka
a6ba79bd-e1dc-4425-851e-2e6e108c3b9d,Gry
6ba7ce86-1424-42d0-8932-99f454be4620,Kirsti
04da64bf-a482-43e1-987a-8e3c2dc271f1,Heba
49b4e928-6940-44f5-9d02-2d43d36b2119,Mika
3e03fdbe-8a6b-4822-8754-f9b889a9419f,Nawal
049810c6-71a0-4f84-96f7-141b6edc89ee,Suzan
07537d76-3596-43b7-9226-ed6698575a1f,Asmaa
6f39faae-a2ab-4b2a-ba59-1917f388e367,Mona
eac04fc9-9ad8-4bdc-a9c1-0593148ae328,Lisa
949e32a8-104a-4db1-b1f1-e1ff11363878,Esmeralda
f9100e16-424b-4f36-8df5-e1e7f80f781a,Maarit
6e31aa94-cab9-432e-ad8d-55ba71ff1a03,Magda
184583ed-4e7f-40c5-afe3-c957353a434a,Nasrin
2173868d-ee20-4d44-8c9c-5c9c78943072,Layla
c7a47328-e554-46bd-adc7-bacc7c39a721,Sinikka
d35ec7a0-bf61-4736-87f5-dc237bdecda6,Fia
c817342c-dc87-4190-9443-1d9bae417f30,Nikita
f5b35c6c-4ae8-4de3-ab8a-18968d478cfe,Jenna
0a0808f9-0fcb-4fce-942e-57b30e1cc43e,Alexia
4c9d07d8-b397-4545-8d5a-b9528ea27281,Vida
d4e4f8af-ba18-418e-a872-1c13c22f90b4,Terttu
d6663e16-0e6d-41a8-9113-b63ac5475c59,Clary
7aebf85c-e615-4098-8a5d-3c83c5c8700c,Nicolina
04f8965e-81ee-4342-be6a-3806b2510f4f,Ewelina
c59cd1e4-f48b-47db-a3bc-c690a1554ce4,Tatjana
555ff1b9-e3d6-4a0d-813e-5036ada2b557,Zahraa
e0b403a9-f8bb-4c62-9073-4540d64a9aad,Emine
633e1cf6-3ad2-4ea1-ae69-386a7bda4b58,Grace
8ee0fdd0-f500-4b4b-89f6-b696c3c1bb41,Siw
569af59c-579d-4d66-9a70-566da97fc5bc,Thilda
8f9fb029-453d-494e-a9af-f554119a531a,Belinda
5101354f-4eab-47bf-b768-6a316dcd01f7,Agnetha
f8920ac1-f15c-4d0b-ad68-eaa11106aed1,Anisa
9d647bf1-aade-474d-b24f-d016a240b925,Madelaine
8bdde57f-72bb-4461-92f9-aa049fd726d8,Cindy
9f421810-7eef-4757-8c8d-bc624340b5bf,Märtha
23e38167-92c7-4346-936a-1d571a990d3a,Daisy
5a08a2f6-9cda-4bbd-ae8c-9b8762dd9dc6,Gurli
1c9fd694-d6bf-4d9a-82c8-07c5b8714dc0,Sylwia
4e82cfd5-0d11-4a8e-a060-fa05ff7e3e7f,Saba
28d90557-0ffe-4d68-9654-a16178d2d2d9,Rahma
f60e608c-2a0e-4747-8c11-e4a3b1c90e2b,Helin
af0afb40-3cdc-4d9f-a14a-090ea7b56138,Kirsten
286fbf55-9aef-43dd-abe7-42c931db9c72,Amela
e5bab19c-0767-4e1c-86fd-54d395e469ad,Lizette
8136afb3-dee4-4f62-bd64-13eb26deb5e0,Marica
af6ac064-cc9f-4652-a7a3-a31cd2b96ca7,Alicja
39b5d06c-278f-4baa-b6b3-7c76e07495bb,Karla
06cae981-af7e-4301-ac92-25b3f9700721,Fiona
080872a5-6e0f-4971-a164-6b0007c54faf,Gordana
beb9408e-fad7-477e-a8bc-b00ca35c342e,Kaisa
56bbb85f-0bdd-4d02-9d7d-b350b2f3c692,Elif
e8cec07c-4daf-42d0-a1e2-15143cf36b8e,Benita
43f3855a-8b57-49c3-9e15-78cf779988e3,Ottilia
8b0db6e9-17ba-4d3c-8e0c-aef3f60ab27d,Asha
78e8c7ee-35fd-4620-a1d9-485e9490cf6e,Sidra
82a08d50-0cb2-4b16-abd3-896f17a74b16,Berith
32569412-fd67-4775-b607-7df8c5c85a68,Daria
6aa68a34-a4a2-480f-ab3c-f0e250a8ef1b,Maritha
c8d57fc5-58fc-40d6-9c54-c41cb7878936,Amani
90636248-13a3-41b2-a924-c59af6df93e7,Wafaa
630c758d-65be-458c-b5e7-b58b97c8fc09,Elham
33fb7552-e257-4807-887b-c44fc8bc684c,Inga
73fa950a-5538-4db5-8d23-7a62b74388a0,Lisa
e8b3ede1-a770-4fdc-9a13-5f7f6b8d336d,Runa
b4dcf5db-fe45-4246-9b64-6e020dab056f,Anne
882098ed-60df-41e0-9448-412c28585230,Christine
b81d947f-8de6-47dd-a0a5-7391e42caa16,Leen
818e80f8-1d6a-4f19-84da-2a98c0d61ca0,Sanela
3a928c79-c2b5-4cb7-abb0-53d35ec56033,Ajla
373422cb-ef01-48ef-899c-e0d98d9df36f,Hilkka
8c3b54c9-86b5-458b-9623-4a35136755ab,Valborg
8c4452c8-2dec-4275-a603-73a1d76b8b2f,Dania
52cdfd3f-0d83-4cc7-97ce-c519a535a4da,Solbritt
07f329f2-ca96-453c-905d-f8f26dd1c1da,Ahlam
75acc955-28f7-4dcc-92c3-dcf8659c1342,Safa
42b380ca-3554-49ab-9c86-becffd8632ed,Valeria
03addbc2-21cd-4356-9356-d19c63c13ddb,Eman
4b7b5d95-c067-44c8-8188-987e44908f29,Layan
3aee8927-7b65-4d52-bbef-f81d5bcb336f,Rawan
5f53ce97-9476-4efe-acf9-326e117f48f4,Lucy
e1dc4aea-3fe6-4f55-917c-2868e96fb360,Ayse
8813a52e-9719-44c7-b084-01ab65cd694b,Meryem
fcb2c056-efed-4c4c-95a5-ea7b4cd77107,Ofelia
a18ac359-3774-49f9-a128-b4a161513e0a,Elenor
0af56aac-b9c5-4bd3-8511-f02eded4c080,Bushra
258322e4-01ea-463a-9e2b-e85436dd4eb7,Gullvi
9884f8cd-44b5-4479-8b8c-ef44d8aa873c,Gabrielle
454fc380-2b44-466f-b541-df01dc1adb9f,Juno
e4fb59a3-f647-4c09-aa24-e4e4267d2b13,Eden
d16e8c20-9584-4ced-a1cd-2e441af04b95,Zelda
e090b7f7-3002-4ec4-b174-930b4bb70ae9,Liz
f189ae10-cc44-4f5e-b920-21536f36bc71,Izabela
f8acfe86-b6d8-410e-9fde-31c26f9898ea,Chatarina
2b717da0-8565-4628-90b1-8c70d2572007,Hayat
dc7d381d-7b46-498c-9c57-536ff4628e3a,Margarita
5e0826a4-32ed-4512-bb01-755c82725a33,Rahaf
4c961cec-39cf-4e6f-b270-853165be398d,Satu
ee03a43a-0fdf-4fb4-9339-6a69cbab732d,Biljana
1401aecd-81c3-43a7-b976-0c80db3b9ab9,Rim
9ca72286-8fe3-4dbd-aea1-cfe4ff6ecfd1,Adelina
a387f955-bda4-402c-9fc3-6379838df291,Dragana
6c5eb186-56be-4a74-aff8-ce78b7030957,Edina
c6e178ec-3797-4efe-b80a-b66e5d11f87b,Ann
8dd1a456-750c-4cf6-ac88-18b896d9b956,Cathrine
2107d458-cda7-4095-b7cc-499ba9964205,Kamilla
9a192431-8633-4f7a-86fc-a294106a1503,Britt
3079c0f5-1e33-47fb-9084-7bb1bd3a046a,Marie
efa23415-f32b-4928-b9b3-cd385afce885,Britt
55228825-ba8e-4084-8504-34ab4dff58a6,Inger
d6dfddcc-c242-49a0-9f79-9b6718d01202,Norah
0d2804dc-9454-4047-893f-e5211ee6156a,Tania
c786c719-e151-491a-8037-24ee5289f8ab,Nikolina
3c8a2105-0134-42af-aa89-2847aa11c359,Paola
d9a665d0-1158-488a-a5bf-e367e0362e20,Zofia
2a4758da-faa7-46cf-b753-52412dab7534,Majbritt
66050f74-3ee7-4066-9fa8-4e32b53c4a24,Grazyna
597d40c2-2fb8-4271-b967-c038abf61ba7,Sumaya
47895017-5583-4193-aa85-85c7472461c0,Mirna
1a65ecd7-66bd-43f0-9d44-8720c7035cb3,Andréa
b322299a-3608-4099-aad1-fcbbde519123,Mai
6c6721e3-11d0-40f0-94da-fd481566b658,Theresia
2740ff48-746b-431f-ba37-2e63d61041f1,Wiktoria
bb057739-2e11-4b9c-b3ea-46bebbc975dc,Wera
a508b086-3c46-4b1a-8d43-ee0a9e65de3f,Eliza
8bc314a4-6244-4345-bcfc-3b571a9bacfb,Milica
36bd01c3-8853-40aa-aacf-06fcb16a544c,Violeta
e2da8a83-3571-4e33-ba92-f9aa79bf42dc,Eva
1ad18676-8adb-4469-92f4-308a6a713a06,Karin
08f68061-b049-40d2-9302-6d8bf707898d,Märit
57d0b00a-2113-4527-b581-376bd9e15913,Philippa
26c84883-8167-484d-af3d-2678fb7dc334,Anny
aa04adbb-b125-4c64-8e1e-f9d902ac86fc,Samia
658542a5-3af2-4e3c-8a3d-b7f6a6b850f6,Naya
13323072-73cc-40b6-9e3e-b690c56ebf84,Lill
8e82a671-2ae4-47ac-9d31-e181ca0f3db4,Zeynep
d17c85c6-f0ad-4992-be61-bdd9cb63d000,Eliana
e9cb0d22-4f74-447a-8ba7-76fc9bb8fdb1,Halina
ade0abed-25f8-453a-81f4-2715ffcca7cb,Kirsi
864e9de2-a803-40af-ab06-7a3f25b43839,Shukri
50404e2b-60ec-4ff1-931e-d71a65810de5,Ally
5d5c10c3-0c84-4e74-9f8d-4e29ea28be46,Isolde
52180f04-109d-4605-bd5a-8b34e489ca84,Selina
feafebc0-f98a-4af4-a9c6-76d89e355a09,Liliana
a1712eb0-824f-4801-be7f-9de267813b46,Lorena
236cfce2-b951-4e75-ab5c-b172be05fa82,Danijela
ac00b83f-7e0b-4f92-944e-4adcbe8a1438,Eleonore
8b8864d2-734b-4cb5-8725-501e3175e860,Lin
78b6233a-abf5-4f9e-964d-d7d08e2895e6,Ljiljana
4610bdca-5e5d-458b-9d63-2759248ce528,Hodan
e3ec3cb4-7ade-4f20-8132-28bf55852937,Ghada
cb2d9cb5-0a01-4d7d-9473-0c78a4beec0d,Margret
fbf2475c-6cb6-43f1-ae00-57675168ebd1,Noelia
ff61cb8c-7f5d-4961-b6e3-852ef056b2c6,Bibi
39dff0c3-a5ae-4ffb-bfc1-b20b8037ba9c,Kimberly
71ae9805-96ab-46f0-9ed0-26b58fd1c8c7,Adela
0d1d9619-f817-4d7f-bb9a-84ca4c50d257,Hamdi
a527ddd0-a435-42d4-9552-60133958daf4,Savannah
78dbb7be-3791-4f2a-a909-e3ce0a9167df,Salwa
8bbeaa27-5b91-4e50-8db0-c684f09a430e,Rayan
a251c629-6451-4f22-8934-014a665dea9f,Emmi
de9a57f9-d853-4feb-adba-48de03e9b99b,Unni
3318e7f0-5a0b-4f63-a762-6e3662f512b7,Ekaterina
f985860f-1d5f-48dc-9cf1-64e5804d6c59,Maida
2648c152-ad62-447f-9b1d-1785d57a67a8,Marja
053da9a8-689c-40a5-9fab-dff2f22afc09,Leena
21e426ad-f011-40e4-a0b0-c7823480ed00,Aneta
49454eb6-8233-4a9d-bebc-f9dedb22e847,Renate
40930b09-4533-4864-91d1-8fb54dc73631,Hanaa
6db82f83-511d-424b-9772-926000094948,Isra
3c54e1b7-4d74-419a-adb3-6b41d3684752,Sabah
80f1f752-451a-4bf1-84ce-10fbb14aa0f7,Esma
866223f4-1cd8-4421-8db6-fb9e4413d774,Hawa
510a6666-c1c4-47fe-bf0f-b893c77857ac,Juliana
db1428ac-4296-4460-bf95-09a11cd5f1f7,Louisa
e62fe418-efdf-4b5d-bc96-d015d7aa9d36,Sanaa
585f5241-d225-4b4c-9155-533ce0e12fa0,Ellinore
23d60dfe-b760-4e85-aec7-76cdda9c1f45,Oliwia
7f373504-97a1-4f3f-b15b-e8449c97b937,Elvi
b91469e5-5dec-4dc3-ba5c-831b830550a9,Hannele
ea3bad08-d2e1-4898-83fe-6e520250e470,Henrietta
420d3687-252b-4eae-b9bf-178002ebe1b6,Israa
aca22fa8-6edf-4062-80ee-95a7be2aef51,Mathilde
fdbd4a49-c5a4-499d-b85b-da414e9b5145,Anna
0204abaf-b769-4837-a4ef-7625e8326e25,Lena
89ce1eaa-ff74-4a06-9899-ec911e3d9bf2,Berta
b20c3305-d49b-4ab3-a73e-602a86cd3b21,Bibbi
d64a4f67-48d6-4363-b5c1-8aceda9c6d0f,Gertie
284046e0-ce79-472a-8448-2f38d9d98dde,Else
13bfdee7-6188-4889-a5b0-b48b7629552f,Marie
cc327b55-4b85-4df1-968e-65d08903a6c4,Gunni
66104c24-b98b-4c19-b86b-79cb66e378cb,Kari
b0f40866-390b-4d57-a642-87af35a530d4,Chloé
6bc0f9a9-896e-4db0-a047-b2cdc35cabe4,Elicia
5542ff42-19bc-42a5-9ad5-1a261090691b,Lise
261b3b87-ea0b-45f5-8ca3-9decd9b3bd6f,Melody
db8ec372-6a6c-4654-b939-50d4a52a967e,Aline
ed0270db-4356-4fa1-acdf-7792181964c4,Faten
a69b1729-7ab6-42f2-b6ca-1e969d83527c,Abeer
5e353d38-9d23-43b6-a3a7-d5c5b360fb81,Margaret
044e2bb7-6893-4b4f-9a12-19281b16ad18,Mildred
36140bf8-cb5d-4405-a2cb-148846b29f16,Natali
2df6eb64-bd35-43b3-9ec5-2f458cc56d89,Joy
dabd689d-563c-4961-9f33-b1b5a651ebd2,Rosanna
c187a663-8f72-477f-bd95-a3959d5506bf,Farida
e2f0c7f1-45ba-4843-8a25-b6c7546b1d59,Lotten
7fb12807-7f1f-4031-a3ee-a0d35d7d90ec,Sandy
4e643b6d-b15c-42b7-b2d0-6d8134c1adf6,Elle
638aa359-4c4a-4afb-a288-d5cb394828be,Minou
ba9d9263-08b0-4175-aee7-834d7f4c1d03,Milly
a712f4df-1faf-4d12-97f1-39b6106f053f,Nimo
dc5be0d6-2560-4620-8896-48ed98b32ae2,Safia
b2759476-6e17-4a49-8a81-a6fcc41d6b98,Silva
01c2afdc-9f6c-4a9f-9f6d-0a54f2a7f89d,Abir
2414dd01-b739-4535-8005-8ef7e7b208a2,Amna
2da16ef1-357a-4106-8353-7b7f7122752a,Dima
5a07ec1e-d197-4207-ac8e-2fb2ba22e3c0,Tuija
7f7b3afd-c33e-4224-9508-3ce04e220f8c,Othilia
b96cda4d-0801-49c3-90b7-470b6ddd2527,Selin
34207801-fb40-442b-8fb7-ee4690680f91,Bente
645fd091-6332-437d-a9bc-ef9a4e8f7055,Jannike
4b532b2c-bbff-4a24-bc97-2ecc6bf3fedd,Rachel
8faa2994-79e8-43f4-92c8-46a15db0b2b1,Ariana
b2af1363-8a1a-4154-8b4e-193fa657b5b3,Silvana
63b6a943-7014-4c60-8f1d-6faae4a1cbd8,Yusra
ee06f82d-65cb-422f-99cd-f3a734883cae,Maia
d9eb09db-401d-4000-874b-1e11f7d065cf,Alissa
57675ede-15e3-4baf-b931-c6a948051839,Klaudia
285118ec-03a2-43d4-866d-371809fc2cb5,Suad
cec39376-9331-4e14-be3a-9e11ae8f0f6d,Alia
980aae9d-3026-4c64-9e52-706f78aa8d96,Bayan
a9d1a5db-7d90-4966-88be-8b4708256c47,Lou
e64887db-d1b4-45c3-abc7-41c65fec6bf8,Senait
233cd64a-95fe-46b6-af1e-a7791c62fb3b,Marjatta
51ffb6cf-bdb7-445b-9107-b9504f78100c,Bahar
235f0a47-44fd-4faa-8a2f-db29362edb15,Hatice
90f59ecd-a3b6-4961-9fd0-2ecfb9b72b6c,Peggy
0e80a7f8-34bb-424c-87b8-2fdd15c13841,Kamila
88e1bd64-52a8-4a5d-8585-656782263a23,Kira
a2945f90-414d-4556-b5fa-33c2d920e3ff,Saida
295c3121-5f34-4a01-9922-f76cae061964,Slavica
1b4ac2bb-95f9-4f70-8591-f328994b28fb,Bozena
455f47a5-3d37-4bd9-aabb-490e9b189e14,Eveline
034e0413-91d1-4a33-bf54-40cbad70eb7d,Noura
5f96c492-3f8d-433f-b155-faacdd3ef284,Stefanie
97518b9f-c3b5-486f-9119-49adaba1d31c,Snezana
7385525d-c69d-4141-b1d0-8cfe0b0d824b,Mirela
edd5b295-bab7-4e00-8464-558e272132ed,Towe
f9dd3963-3353-4ec8-ab2e-5d482aca970a,Amra
24c77d53-5e30-4bdd-b149-a0a251dfec42,Justyna
bdf7bc0d-775c-48c8-b96f-c566168bc666,Najma
b0b0150d-3ef7-43b5-815d-9b87df8d264a,Heli
06278ba5-f550-42d1-b9b1-e6a5ab9b0d09,Manar
ceea2c72-8259-4a95-b416-88fd32b490bc,Sima
43454a4b-5183-460d-8caf-d1da6e5d9585,Danielle
17220e41-a3c7-4363-a791-d0bba9017945,Parisa
ae1a4dc0-7710-40bc-a161-1c9c5542f1a0,Billie
cfbd966c-6385-4590-83a5-1efbc0cdba52,Hoda
fc7794bd-3732-4943-8d3f-a66dffb3ea74,Nesrin
e6c69d5a-7063-4f9d-b0d9-597833f92e19,Indra
9a419d41-dce4-47e1-99e9-fbafdeadd9c4,Janna
159dee53-7576-4dbf-89a8-b9c0c84a0a43,Sadia
a657cdf2-e327-49a8-b598-da6e53381fd7,Emeli
911cac8f-3cb0-4e91-a7b6-7c33bf7e21b7,Hafsa
84ef23d2-c699-4c08-90f0-8aff0594e34a,Katalin
42e7d15d-587f-46f3-9319-22c2dd9d5878,Agata
a95fb32e-8885-49cd-bcdd-e15fb6351552,Vivi
833a2a68-1347-4aa2-8a40-ca7ab5263bc5,Anne
23219b86-6ee1-475c-b5de-6b4e1db0b0fd,Evelin
4fa0d986-fb55-4333-81be-ec1260590756,Lis
3e14964f-cf63-4a64-b00c-332d071c82c4,Neda
c0128cda-30cc-4a7e-a505-3ab6214f5d9f,Roza
065b3c3f-7c92-42d1-bdc8-d8fd3edcab3b,Caisa
bfbcb98e-8fbf-4052-999d-46e231bdb4b6,Hilde
cf9658d3-6611-4319-9d21-cf65de4d0b43,Sabrin
1a6ddd8f-388f-4363-81bc-df24312c271d,Raghad
